DEPARTAMENTO,Codmun,MUNICIPIO,CULTIVO,PERIODO,AreaSembrada,AreaCosechada,Produccion,Rendimiento
AMAZONAS,91540,PUERTO NARIÑO,CACAO,2018,98,29,15,0.5
AMAZONAS,91001,LETICIA,CACAO,2018,52,0,0,0
ANTIOQUIA,5837,TURBO,CACAO,2018,2166,1761,881,0.5
ANTIOQUIA,5120,CACERES,CACAO,2018,2044,850,510,0.6
ANTIOQUIA,5490,NECOCLI,CACAO,2018,2017,1426,998,0.7
ANTIOQUIA,5045,APARTADO,CACAO,2018,2014,1404,702,0.5
ANTIOQUIA,5425,MACEO,CACAO,2018,1590,1420,994,0.7
ANTIOQUIA,5858,VEGACHI,CACAO,2018,878,828,580,0.7
ANTIOQUIA,5790,TARAZA,CACAO,2018,830,502,301,0.6
ANTIOQUIA,5172,CHIGORODO,CACAO,2018,789,434,303,0.7
ANTIOQUIA,5031,AMALFI,CACAO,2018,712,707,354,0.5
ANTIOQUIA,5854,VALDIVIA,CACAO,2018,663,384,192,0.5
ANTIOQUIA,5147,CAREPA,CACAO,2018,514,304,243,0.8
ANTIOQUIA,5665,SAN PEDRO DE URABA,CACAO,2018,510,440,264,0.6
ANTIOQUIA,5659,SAN JUAN DE URABA,CACAO,2018,510,390,351,0.9
ANTIOQUIA,5670,SAN ROQUE,CACAO,2018,502,202,162,0.8
ANTIOQUIA,5885,YALI,CACAO,2018,498,463,324,0.7
ANTIOQUIA,5142,CARACOLI,CACAO,2018,454,449,367,0.8
ANTIOQUIA,5250,EL BAGRE,CACAO,2018,403,287,144,0.5
ANTIOQUIA,5483,NARIÑO,CACAO,2018,402,390,234,0.6
ANTIOQUIA,5660,SAN LUIS,CACAO,2018,369,296,118,0.4
ANTIOQUIA,5652,SAN FRANCISCO,CACAO,2018,363,323,226,0.7
ANTIOQUIA,5234,DABEIBA,CACAO,2018,344,226,158,0.7
ANTIOQUIA,5051,ARBOLETES,CACAO,2018,313,245,172,0.7
ANTIOQUIA,5649,SAN CARLOS,CACAO,2018,294,217,152,0.7
ANTIOQUIA,5361,ITUANGO,CACAO,2018,290,265,212,0.8
ANTIOQUIA,5895,ZARAGOZA,CACAO,2018,287,269,161,0.6
ANTIOQUIA,5604,REMEDIOS,CACAO,2018,270,215,129,0.6
ANTIOQUIA,5480,MUTATA,CACAO,2018,250,216,173,0.8
ANTIOQUIA,5040,ANORI,CACAO,2018,245,230,138,0.6
ANTIOQUIA,5789,TAMESIS,CACAO,2018,197,192,115,0.6
ANTIOQUIA,5890,YOLOMBO,CACAO,2018,194,119,71,0.6
ANTIOQUIA,5579,PUERTO BERRIO,CACAO,2018,178,178,71,0.4
ANTIOQUIA,5736,SEGOVIA,CACAO,2018,168,146,58,0.4
ANTIOQUIA,5585,PUERTO NARE,CACAO,2018,160,160,72,0.5
ANTIOQUIA,5893,YONDO,CACAO,2018,151,121,97,0.8
ANTIOQUIA,5842,URAMITA,CACAO,2018,146,115,81,0.7
ANTIOQUIA,5055,ARGELIA,CACAO,2018,143,40,20,0.5
ANTIOQUIA,5154,CAUCASIA,CACAO,2018,136,136,109,0.8
ANTIOQUIA,5679,SANTA BARBARA,CACAO,2018,110,90,63,0.7
ANTIOQUIA,5591,PUERTO TRIUNFO,CACAO,2018,105,80,40,0.5
ANTIOQUIA,5284,FRONTINO,CACAO,2018,96,85,51,0.6
ANTIOQUIA,5138,CAÑASGORDAS,CACAO,2018,95,83,33,0.4
ANTIOQUIA,5756,SONSON,CACAO,2018,94,89,62,0.7
ANTIOQUIA,5315,GUADALUPE,CACAO,2018,78,42,42,1
ANTIOQUIA,5887,YARUMAL,CACAO,2018,64,48,14,0.3
ANTIOQUIA,5107,BRICEÑO,CACAO,2018,62,32,22,0.7
ANTIOQUIA,5197,COCORNA,CACAO,2018,60,50,30,0.6
ANTIOQUIA,5690,SANTO DOMINGO,CACAO,2018,54,54,38,0.7
ANTIOQUIA,5647,SAN ANDRES,CACAO,2018,51,47,9,0.2
ANTIOQUIA,5134,CAMPAMENTO,CACAO,2018,46,26,10,0.4
ANTIOQUIA,5240,EBEJICO,CACAO,2018,45,45,24,0.5
ANTIOQUIA,5792,TARSO,CACAO,2018,44,38,27,0.7
ANTIOQUIA,5667,SAN RAFAEL,CACAO,2018,44,37,30,0.8
ANTIOQUIA,5495,NECHI,CACAO,2018,37,5,2,0.3
ANTIOQUIA,5209,CONCORDIA,CACAO,2018,35,10,5,0.5
ANTIOQUIA,5093,BETULIA,CACAO,2018,27,7,3,0.4
ANTIOQUIA,5819,TOLEDO,CACAO,2018,21,13,5,0.4
ANTIOQUIA,5809,TITIRIBI,CACAO,2018,15,14,11,0.8
ANTIOQUIA,5113,BURITICA,CACAO,2018,11,11,6,0.6
ANTIOQUIA,5856,VALPARAISO,CACAO,2018,8,6,4,0.6
ANTIOQUIA,5042,SANTAFE DE ANTIOQUIA,CACAO,2018,8,8,8,1
ANTIOQUIA,5190,CISNEROS,CACAO,2018,6,6,5,0.8
ANTIOQUIA,5002,ABEJORRAL,CACAO,2018,5,5,2,0.4
ANTIOQUIA,5347,HELICONIA,CACAO,2018,4,2,2,1
ANTIOQUIA,5686,SANTA ROSA DE OSOS,CACAO,2018,3,1,1,0.7
ANTIOQUIA,5148,CARMEN DE VIBORAL,CACAO,2018,2,0,0,0
ANTIOQUIA,5628,SABANALARGA,CACAO,2018,2,2,1,0.5
ARAUCA,81065,ARAUQUITA,CACAO,2018,6905,6675,4005,0.6
ARAUCA,81736,SARAVENA,CACAO,2018,4156,3950,2370,0.6
ARAUCA,81794,TAME,CACAO,2018,4093,3814,2288,0.6
ARAUCA,81300,FORTUL,CACAO,2018,2305,2204,1322,0.6
ARAUCA,81001,ARAUCA,CACAO,2018,882,831,498,0.6
ARAUCA,81591,PUERTO RONDON,CACAO,2018,53,47,28,0.6
ARAUCA,81220,CRAVO NORTE,CACAO,2018,11,8,5,0.6
BOLIVAR,13688,SANTA ROSA DEL SUR,CACAO,2018,3350,3040,1368,0.5
BOLIVAR,13670,SAN PABLO,CACAO,2018,1350,897,314,0.4
BOLIVAR,13744,SIMITI,CACAO,2018,1005,755,302,0.4
BOLIVAR,13160,CANTAGALLO,CACAO,2018,800,500,215,0.4
BOLIVAR,13654,SAN JACINTO,CACAO,2018,491,270,108,0.4
BOLIVAR,13549,PINILLOS,CACAO,2018,397,297,128,0.4
BOLIVAR,13244,EL CARMEN DE BOLIVAR,CACAO,2018,279,138,21,0.2
BOLIVAR,13001,CARTAGENA DE INDIAS,CACAO,2018,240,240,96,0.4
BOLIVAR,13473,MORALES,CACAO,2018,197,197,81,0.4
BOLIVAR,13006,ACHÍ,CACAO,2018,150,20,10,0.5
BOLIVAR,13442,MARIA LA BAJA,CACAO,2018,123,58,12,0.2
BOLIVAR,13458,MONTECRISTO,CACAO,2018,112,12,6,0.5
BOLIVAR,13810,TIQUISIO,CACAO,2018,110,25,13,0.5
BOLIVAR,13657,SAN JUAN NEPOMUCENO,CACAO,2018,88,18,7,0.4
BOLIVAR,13042,ARENAL,CACAO,2018,60,60,24,0.4
BOLIVAR,13490,NOROSI,CACAO,2018,52,52,17,0.3
BOLIVAR,13074,BARRANCO DE LOBA,CACAO,2018,46,46,18,0.4
BOLIVAR,13667,SAN MARTIN DE LOBA,CACAO,2018,30,0,0,0
BOLIVAR,13030,ALTOS DEL ROSARIO,CACAO,2018,20,0,0,0
BOLIVAR,13655,SAN JACINTO DEL CAUCA,CACAO,2018,10,10,6,0.6
BOYACA,15531,PAUNA,CACAO,2018,869,701,351,0.5
BOYACA,15442,MARIPI,CACAO,2018,810,780,390,0.5
BOYACA,15507,OTANCHE,CACAO,2018,795,625,375,0.6
BOYACA,15681,SAN PABLO DE BORBUR,CACAO,2018,735,629,440,0.7
BOYACA,15580,QUIPAMA,CACAO,2018,645,565,339,0.6
BOYACA,15572,PUERTO BOYACA,CACAO,2018,550,380,190,0.5
BOYACA,15480,MUZO,CACAO,2018,528,438,263,0.6
BOYACA,15212,COPER,CACAO,2018,298,294,147,0.5
BOYACA,15223,CUBARA,CACAO,2018,115,97,78,0.8
BOYACA,15401,LA VICTORIA,CACAO,2018,90,58,41,0.7
BOYACA,15109,BUENAVISTA,CACAO,2018,85,75,50,0.7
BOYACA,15667,SAN LUIS DE GACENO,CACAO,2018,66,38,31,0.8
BOYACA,15690,SANTA MARIA,CACAO,2018,63,50,25,0.5
BOYACA,15135,CAMPOHERMOSO,CACAO,2018,35,25,13,0.5
BOYACA,15686,SANTANA,CACAO,2018,32,32,13,0.4
BOYACA,15514,PAEZ,CACAO,2018,29,24,17,0.7
BOYACA,15533,PAYA,CACAO,2018,26,13,7,0.5
BOYACA,15455,MIRAFLORES,CACAO,2018,21,9,5,0.5
BOYACA,15832,TUNUNGUA,CACAO,2018,7,7,6,0.9
BOYACA,15090,BERBEO,CACAO,2018,5,0,0,0
CALDAS,17662,SAMANA,CACAO,2018,1449,1009,605,0.6
CALDAS,17867,VICTORIA,CACAO,2018,762,597,299,0.5
CALDAS,17088,BELALCAZAR,CACAO,2018,705,701,351,0.5
CALDAS,17495,NORCASIA,CACAO,2018,578,498,199,0.4
CALDAS,17042,ANSERMA,CACAO,2018,509,424,170,0.4
CALDAS,17614,RIOSUCIO,CACAO,2018,117,15,11,0.7
CALDAS,17444,MARQUETALIA,CACAO,2018,104,93,74,0.8
CALDAS,17524,PALESTINA,CACAO,2018,92,60,42,0.7
CALDAS,17616,RISARALDA,CACAO,2018,91,85,51,0.6
CALDAS,17665,SAN JOSE,CACAO,2018,77,53,27,0.5
CALDAS,17877,VITERBO,CACAO,2018,65,43,30,0.7
CALDAS,17486,NEIRA,CACAO,2018,56,18,13,0.7
CALDAS,17777,SUPIA,CACAO,2018,52,44,26,0.6
CALDAS,17541,PENSILVANIA,CACAO,2018,44,11,6,0.5
CALDAS,17388,LA MERCED,CACAO,2018,15,15,8,0.5
CALDAS,17174,CHINCHINA,CACAO,2018,10,10,6,0.6
CAQUETA,18150,CARTAGENA DEL CHAIRA,CACAO,2018,742,394,177,0.5
CAQUETA,18247,EL DONCELLO,CACAO,2018,630,410,205,0.5
CAQUETA,18460,MILAN,CACAO,2018,626,616,246,0.4
CAQUETA,18610,SAN JOSE DEL FRAGUA,CACAO,2018,541,531,212,0.4
CAQUETA,18753,SAN VICENTE DEL CAGUAN,CACAO,2018,522,320,128,0.4
CAQUETA,18756,SOLANO,CACAO,2018,420,350,140,0.4
CAQUETA,18256,EL PAUJIL,CACAO,2018,320,310,124,0.4
CAQUETA,18094,BELEN DE LOS ANDAQUIES,CACAO,2018,264,238,95,0.4
CAQUETA,18785,SOLITA,CACAO,2018,215,117,47,0.4
CAQUETA,18001,FLORENCIA,CACAO,2018,174,104,52,0.5
CAQUETA,18205,CURILLO,CACAO,2018,150,60,27,0.5
CAQUETA,18410,MONTAÑITA,CACAO,2018,116,86,34,0.4
CAQUETA,18860,VALPARAISO,CACAO,2018,95,95,38,0.4
CAQUETA,18592,PUERTO RICO,CACAO,2018,48,43,22,0.5
CAQUETA,18029,ALBANIA,CACAO,2018,36,29,12,0.4
CAQUETA,18479,MORELIA,CACAO,2018,7,7,3,0.4
CASANARE,85410,TAURAMENA,CACAO,2018,191,115,46,0.4
CASANARE,85139,MANI,CACAO,2018,178,96,48,0.5
CASANARE,85125,HATO COROZAL,CACAO,2018,170,56,34,0.6
CASANARE,85250,PAZ DE ARIPORO,CACAO,2018,160,51,31,0.6
CASANARE,85001,YOPAL,CACAO,2018,140,122,73,0.6
CASANARE,85010,AGUAZUL,CACAO,2018,130,90,54,0.6
CASANARE,85440,VILLANUEVA,CACAO,2018,105,85,85,1
CASANARE,85263,PORE,CACAO,2018,82,80,32,0.4
CASANARE,85400,TAMARA,CACAO,2018,78,45,18,0.4
CASANARE,85225,NUNCHIA,CACAO,2018,58,14,7,0.5
CASANARE,85162,MONTERREY,CACAO,2018,51,3,1,0.4
CASANARE,85300,SABANALARGA,CACAO,2018,37,36,18,0.5
CASANARE,85325,SAN LUIS DE PALENQUE,CACAO,2018,13,13,6,0.5
CASANARE,85230,OROCUE,CACAO,2018,11,11,6,0.5
CASANARE,85430,TRINIDAD,CACAO,2018,7,7,6,0.9
CAUCA,19256,EL TAMBO,CACAO,2018,1025,835,418,0.5
CAUCA,19450,MERCADERES,CACAO,2018,617,516,258,0.5
CAUCA,19533,PIAMONTE,CACAO,2018,380,350,140,0.4
CAUCA,19075,BALBOA,CACAO,2018,262,112,56,0.5
CAUCA,19780,SUAREZ,CACAO,2018,242,242,145,0.6
CAUCA,19807,TIMBIO,CACAO,2018,199,199,119,0.6
CAUCA,19300,GUACHENE,CACAO,2018,155,143,57,0.4
CAUCA,19701,SANTA ROSA,CACAO,2018,121,71,36,0.5
CAUCA,19532,PATIA,CACAO,2018,120,85,51,0.6
CAUCA,19142,CALOTO,CACAO,2018,120,102,61,0.6
CAUCA,19130,CAJIBIO,CACAO,2018,116,73,58,0.8
CAUCA,19418,LOPEZ DE MICAY,CACAO,2018,115,55,17,0.3
CAUCA,19050,ARGELIA,CACAO,2018,104,104,52,0.5
CAUCA,19100,BOLIVAR,CACAO,2018,102,102,61,0.6
CAUCA,19455,MIRANDA,CACAO,2018,95,92,46,0.5
CAUCA,19622,ROSAS,CACAO,2018,86,50,25,0.5
CAUCA,19355,INZA,CACAO,2018,85,30,15,0.5
CAUCA,19513,PADILLA,CACAO,2018,74,16,6,0.4
CAUCA,19845,VILLA RICA,CACAO,2018,71,69,41,0.6
CAUCA,19785,SUCRE,CACAO,2018,52,44,26,0.6
CAUCA,19392,LA SIERRA,CACAO,2018,50,50,25,0.5
CAUCA,19573,PUERTO TEJADA,CACAO,2018,48,46,23,0.5
CAUCA,19290,FLORENCIA,CACAO,2018,41,2,1,0.4
CAUCA,19473,MORALES,CACAO,2018,40,0,0,0
CESAR,20570,PUEBLO BELLO,CACAO,2018,1870,953,477,0.5
CESAR,20621,LA PAZ,CACAO,2018,1420,730,292,0.4
CESAR,20400,LA JAGUA DE IBIRICO,CACAO,2018,811,811,568,0.7
CESAR,20013,AGUSTIN CODAZZI,CACAO,2018,809,753,304,0.4
CESAR,20001,VALLEDUPAR,CACAO,2018,775,730,365,0.5
CESAR,20228,CURUMANI,CACAO,2018,658,115,58,0.5
CESAR,20517,PAILITAS,CACAO,2018,394,192,115,0.6
CESAR,20710,SAN ALBERTO,CACAO,2018,365,365,219,0.6
CESAR,20443,MANAURE,CACAO,2018,277,177,142,0.8
CESAR,20238,EL COPEY,CACAO,2018,230,210,84,0.4
CESAR,20770,SAN MARTIN,CACAO,2018,150,150,60,0.4
CESAR,20614,RIO DE ORO,CACAO,2018,115,50,25,0.5
CESAR,20011,AGUACHICA,CACAO,2018,104,94,38,0.4
CESAR,20750,SAN DIEGO,CACAO,2018,96,96,38,0.4
CESAR,20045,BECERRIL,CACAO,2018,40,9,6,0.7
CESAR,20383,LA GLORIA,CACAO,2018,33,33,13,0.4
CESAR,20178,CHIRIGUANA,CACAO,2018,30,30,15,0.5
CESAR,20175,CHIMICHAGUA,CACAO,2018,29,21,13,0.6
CESAR,20550,PELAYA,CACAO,2018,11,6,3,0.5
CHOCO,27430,MEDIO BAUDO,CACAO,2018,1060,660,264,0.4
CHOCO,27615,RIOSUCIO,CACAO,2018,975,714,357,0.5
CHOCO,27001,QUIBDO,CACAO,2018,560,540,216,0.4
CHOCO,27660,SAN JOSE DEL PALMAR,CACAO,2018,544,541,135,0.3
CHOCO,27150,CARMEN DEL DARIEN,CACAO,2018,520,520,208,0.4
CHOCO,27787,TADO,CACAO,2018,496,411,123,0.3
CHOCO,27800,UNGUIA,CACAO,2018,481,481,241,0.5
CHOCO,27450,MEDIO SAN JUAN,CACAO,2018,340,50,20,0.4
CHOCO,27099,BOJAYA,CACAO,2018,310,70,42,0.6
CHOCO,27491,NOVITA,CACAO,2018,210,140,84,0.6
CHOCO,27025,ALTO BAUDO,CACAO,2018,201,154,46,0.3
CHOCO,27073,BAGADO,CACAO,2018,200,6,2,0.4
CHOCO,27077,BAJO BAUDO,CACAO,2018,161,15,8,0.5
CHOCO,27006,ACANDI,CACAO,2018,159,108,54,0.5
CHOCO,27361,ISTMINA,CACAO,2018,135,54,27,0.5
CHOCO,27600,RIO QUITO,CACAO,2018,87,71,43,0.6
CHOCO,27495,NUQUI,CACAO,2018,86,51,15,0.3
CHOCO,27135,EL CANTON DEL SAN PABLO,CACAO,2018,82,20,10,0.5
CHOCO,27205,CONDOTO,CACAO,2018,33,33,10,0.3
CHOCO,27745,SIPI,CACAO,2018,25,0,0,0
CHOCO,27580,RIO IRO,CACAO,2018,21,8,5,0.6
CHOCO,27050,ATRATO,CACAO,2018,20,15,6,0.4
CHOCO,27160,CERTEGUI,CACAO,2018,18,18,9,0.5
CHOCO,27075,BAHIA SOLANO,CACAO,2018,12,9,4,0.4
CHOCO,27810,UNION PANAMERICANA,CACAO,2018,6,4,2,0.4
CORDOBA,23807,TIERRALTA,CACAO,2018,1345,1195,598,0.5
CORDOBA,23855,VALENCIA,CACAO,2018,675,580,406,0.7
CORDOBA,23580,PUERTO LIBERTADOR,CACAO,2018,517,287,258,0.9
CORDOBA,23466,MONTELIBANO,CACAO,2018,270,240,144,0.6
CORDOBA,23419,LOS CORDOBAS,CACAO,2018,238,202,202,1
CORDOBA,23090,CANALETE,CACAO,2018,220,75,75,1
CORDOBA,23682,SAN JOSE DE URE,CACAO,2018,75,75,45,0.6
CORDOBA,23189,CIENAGA DE ORO,CACAO,2018,23,18,13,0.7
CORDOBA,23001,MONTERIA,CACAO,2018,22,13,13,1
CUNDINAMARCA,25885,YACOPI,CACAO,2018,2621,2371,948,0.4
CUNDINAMARCA,25148,CAPARRAPI,CACAO,2018,1459,1415,1274,0.9
CUNDINAMARCA,25518,PAIME,CACAO,2018,506,351,211,0.6
CUNDINAMARCA,25878,VIOTA,CACAO,2018,350,293,176,0.6
CUNDINAMARCA,25488,NILO,CACAO,2018,329,296,118,0.4
CUNDINAMARCA,25862,VERGARA,CACAO,2018,209,144,86,0.6
CUNDINAMARCA,25258,EL PEÑON,CACAO,2018,169,134,102,0.8
CUNDINAMARCA,25394,LA PALMA,CACAO,2018,165,57,57,1
CUNDINAMARCA,25823,TOPAIPI,CACAO,2018,160,89,36,0.4
CUNDINAMARCA,25839,UBALA,CACAO,2018,122,122,110,0.9
CUNDINAMARCA,25438,MEDINA,CACAO,2018,115,105,105,1
CUNDINAMARCA,25596,QUIPILE,CACAO,2018,99,0,0,0
CUNDINAMARCA,25815,TOCAIMA,CACAO,2018,92,47,38,0.8
CUNDINAMARCA,25491,NOCAIMA,CACAO,2018,80,62,56,0.9
CUNDINAMARCA,25718,SASAIMA,CACAO,2018,72,65,33,0.5
CUNDINAMARCA,25168,CHAGUANI,CACAO,2018,60,36,25,0.7
CUNDINAMARCA,25035,ANAPOIMA,CACAO,2018,57,53,53,1
CUNDINAMARCA,25662,SAN JUAN DE RIOSECO,CACAO,2018,49,41,16,0.4
CUNDINAMARCA,25320,GUADUAS,CACAO,2018,47,41,49,1.2
CUNDINAMARCA,25580,PULI,CACAO,2018,40,36,36,1
CUNDINAMARCA,25368,JERUSALEN,CACAO,2018,33,29,15,0.5
CUNDINAMARCA,25245,EL COLEGIO,CACAO,2018,33,28,17,0.6
CUNDINAMARCA,25402,LA VEGA,CACAO,2018,25,25,10,0.4
CUNDINAMARCA,25592,QUEBRADANEGRA,CACAO,2018,23,11,6,0.5
CUNDINAMARCA,25398,LA PEÑA,CACAO,2018,20,20,4,0.2
CUNDINAMARCA,25572,PUERTO SALGAR,CACAO,2018,19,3,2,0.5
CUNDINAMARCA,25053,ARBELAEZ,CACAO,2018,18,11,11,1
CUNDINAMARCA,25530,PARATEBUENO,CACAO,2018,10,8,3,0.4
CUNDINAMARCA,25489,NIMAIMA,CACAO,2018,7,7,3,0.4
CUNDINAMARCA,25001,AGUA DE DIOS,CACAO,2018,4,3,3,1
CUNDINAMARCA,25875,VILLETA,CACAO,2018,4,4,4,1
GUAINIA,94343,BARRANCO MINA,CACAO,2018,1456,165,66,0.4
GUAINIA,94001,INIRIDA,CACAO,2018,65,35,21,0.6
GUAVIARE,95025,EL RETORNO,CACAO,2018,725,425,213,0.5
GUAVIARE,95001,SAN JOSE DEL GUAVIARE,CACAO,2018,543,374,187,0.5
GUAVIARE,95200,MIRAFLORES,CACAO,2018,284,134,67,0.5
GUAVIARE,95015,CALAMAR,CACAO,2018,221,201,101,0.5
HUILA,41615,RIVERA,CACAO,2018,970,952,762,0.8
HUILA,41799,TELLO,CACAO,2018,553,534,320,0.6
HUILA,41132,CAMPOALEGRE,CACAO,2018,486,465,326,0.7
HUILA,41001,NEIVA,CACAO,2018,482,482,289,0.6
HUILA,41306,GIGANTE,CACAO,2018,436,411,238,0.6
HUILA,41020,ALGECIRAS,CACAO,2018,405,388,307,0.8
HUILA,41396,LA PLATA,CACAO,2018,391,375,217,0.6
HUILA,41797,TESALIA,CACAO,2018,359,349,314,0.9
HUILA,41078,BARAYA,CACAO,2018,336,305,183,0.6
HUILA,41791,TARQUI,CACAO,2018,320,292,146,0.5
HUILA,41357,IQUIRA,CACAO,2018,309,286,143,0.5
HUILA,41206,COLOMBIA,CACAO,2018,299,280,196,0.7
HUILA,41518,PAICOL,CACAO,2018,270,266,133,0.5
HUILA,41524,PALERMO,CACAO,2018,270,246,172,0.7
HUILA,41013,AGRADO,CACAO,2018,221,217,147,0.7
HUILA,41801,TERUEL,CACAO,2018,165,158,95,0.6
HUILA,41548,PITAL,CACAO,2018,151,143,79,0.6
HUILA,41244,ELIAS,CACAO,2018,134,134,67,0.5
HUILA,41026,ALTAMIRA,CACAO,2018,130,54,38,0.7
HUILA,41483,NATAGA,CACAO,2018,126,110,68,0.6
HUILA,41319,GUADALUPE,CACAO,2018,117,108,56,0.5
HUILA,41298,GARZON,CACAO,2018,116,102,64,0.6
HUILA,41349,HOBO,CACAO,2018,94,88,53,0.6
HUILA,41885,YAGUARA,CACAO,2018,86,46,37,0.8
HUILA,41770,SUAZA,CACAO,2018,82,75,38,0.5
HUILA,41660,SALADOBLANCO,CACAO,2018,78,76,45,0.6
HUILA,41551,PITALITO,CACAO,2018,72,57,34,0.6
HUILA,41503,OPORAPA,CACAO,2018,70,50,32,0.6
HUILA,41016,AIPE,CACAO,2018,62,52,29,0.6
HUILA,41807,TIMANA,CACAO,2018,44,44,27,0.6
HUILA,41359,ISNOS,CACAO,2018,31,31,15,0.5
HUILA,41872,VILLAVIEJA,CACAO,2018,31,31,22,0.7
HUILA,41676,SANTA MARIA,CACAO,2018,26,23,16,0.7
HUILA,41006,ACEVEDO,CACAO,2018,15,11,7,0.6
HUILA,41530,PALESTINA,CACAO,2018,6,6,3,0.6
HUILA,41668,SAN AGUSTIN,CACAO,2018,2,1,0,0.5
LA GUAJIRA,44855,URUMITA,CACAO,2018,290,247,148,0.6
LA GUAJIRA,44090,DIBULLA,CACAO,2018,113,63,38,0.6
LA GUAJIRA,44420,LA JAGUA DEL PILAR,CACAO,2018,46,41,21,0.5
LA GUAJIRA,44110,EL MOLINO,CACAO,2018,29,29,17,0.6
LA GUAJIRA,44874,VILLANUEVA,CACAO,2018,11,9,5,0.5
LA GUAJIRA,44078,BARRANCAS,CACAO,2018,10,10,5,0.5
LA GUAJIRA,44098,DISTRACCION,CACAO,2018,1,1,1,0.6
LA GUAJIRA,44279,FONSECA,CACAO,2018,1,1,1,0.6
MAGDALENA,47001,SANTA MARTA,CACAO,2018,1360,1020,510,0.5
MAGDALENA,47189,CIENAGA,CACAO,2018,430,230,92,0.4
MAGDALENA,47288,FUNDACION,CACAO,2018,344,239,120,0.5
MAGDALENA,47053,ARACATACA,CACAO,2018,314,306,153,0.5
MAGDALENA,47980,ZONA BANANERA,CACAO,2018,75,54,27,0.5
META,50711,VISTA HERMOSA,CACAO,2018,1650,992,794,0.8
META,50313,GRANADA,CACAO,2018,1077,724,434,0.6
META,50223,SAN LUIS DE CUBARRAL,CACAO,2018,631,421,253,0.6
META,50270,EL DORADO,CACAO,2018,622,475,238,0.5
META,50400,LEJANIAS,CACAO,2018,604,262,157,0.6
META,50251,EL CASTILLO,CACAO,2018,555,515,309,0.6
META,50450,PUERTO CONCORDIA,CACAO,2018,548,548,274,0.5
META,50590,PUERTO RICO,CACAO,2018,538,304,182,0.6
META,50683,SAN JUAN DE ARAMA,CACAO,2018,530,484,290,0.6
META,50370,LA URIBE,CACAO,2018,496,391,274,0.7
META,50006,ACACIAS,CACAO,2018,447,327,196,0.6
META,50330,MESETAS,CACAO,2018,432,202,121,0.6
META,50577,PUERTO LLERAS,CACAO,2018,415,411,247,0.6
META,50318,GUAMAL,CACAO,2018,410,130,78,0.6
META,50124,CABUYARO,CACAO,2018,304,64,38,0.6
META,50568,PUERTO GAITAN,CACAO,2018,201,156,94,0.6
META,50287,FUENTE DE ORO,CACAO,2018,184,134,67,0.5
META,50001,VILLAVICENCIO,CACAO,2018,152,84,50,0.6
META,50150,CASTILLA LA NUEVA,CACAO,2018,148,138,83,0.6
META,50573,PUERTO LOPEZ,CACAO,2018,126,40,36,0.9
META,50325,MAPIRIPAN,CACAO,2018,120,75,45,0.6
META,50689,SAN MARTIN,CACAO,2018,93,75,38,0.5
META,50350,LA MACARENA,CACAO,2018,52,52,26,0.5
META,50226,CUMARAL,CACAO,2018,46,46,41,0.9
META,50110,BARRANCA DE UPIA,CACAO,2018,40,28,25,0.9
META,50680,SAN CARLOS DE GUAROA,CACAO,2018,31,28,17,0.6
META,50606,RESTREPO,CACAO,2018,20,20,16,0.8
NARIÑO,52835,TUMACO,CACAO,2018,18600,14000,2800,0.2
NARIÑO,52540,POLICARPA,CACAO,2018,525,515,309,0.6
NARIÑO,52520,FRANCISCO PIZARRO,CACAO,2018,506,466,117,0.3
NARIÑO,52490,OLAYA HERRERA,CACAO,2018,502,352,106,0.3
NARIÑO,52250,EL CHARCO,CACAO,2018,500,498,149,0.3
NARIÑO,52621,ROBERTO PAYAN,CACAO,2018,320,290,44,0.2
NARIÑO,52233,CUMBITARA,CACAO,2018,228,216,108,0.5
NARIÑO,52473,MOSQUERA,CACAO,2018,227,227,45,0.2
NARIÑO,52418,LOS ANDES,CACAO,2018,185,165,132,0.8
NARIÑO,52256,EL ROSARIO,CACAO,2018,169,113,57,0.5
NARIÑO,52405,LEIVA,CACAO,2018,155,135,108,0.8
NARIÑO,52079,BARBACOAS,CACAO,2018,150,100,25,0.3
NARIÑO,52254,EL PEÑOL,CACAO,2018,91,88,44,0.5
NARIÑO,52390,LA TOLA,CACAO,2018,85,80,32,0.4
NARIÑO,52399,LA UNION,CACAO,2018,70,63,32,0.5
NARIÑO,52427,MAGUI PAYAN,CACAO,2018,64,64,12,0.2
NARIÑO,52696,SANTA BARBARA,CACAO,2018,61,41,10,0.3
NARIÑO,52687,SAN LORENZO,CACAO,2018,19,9,5,0.5
NARIÑO,52356,IPIALES,CACAO,2018,15,12,6,0.5
NARIÑO,52411,LINARES,CACAO,2018,8,8,6,0.8
NARIÑO,52612,RICAURTE,CACAO,2018,3,3,1,0.3
NORTE DE SANTANDER,54720,SARDINATA,CACAO,2018,2444,2414,1023,0.4
NORTE DE SANTANDER,54810,TIBU,CACAO,2018,1696,1326,893,0.7
NORTE DE SANTANDER,54800,TEORAMA,CACAO,2018,1099,571,394,0.7
NORTE DE SANTANDER,54245,EL CARMEN,CACAO,2018,780,760,426,0.6
NORTE DE SANTANDER,54250,EL TARRA,CACAO,2018,699,684,341,0.5
NORTE DE SANTANDER,54206,CONVENCION,CACAO,2018,530,490,235,0.5
NORTE DE SANTANDER,54109,BUCARASICA,CACAO,2018,501,459,275,0.6
NORTE DE SANTANDER,54385,LA ESPERANZA,CACAO,2018,497,497,316,0.6
NORTE DE SANTANDER,54670,SAN CALIXTO,CACAO,2018,492,487,300,0.6
NORTE DE SANTANDER,54344,HACARI,CACAO,2018,467,444,310,0.7
NORTE DE SANTANDER,54261,EL ZULIA,CACAO,2018,335,315,243,0.8
NORTE DE SANTANDER,54001,CUCUTA,CACAO,2018,260,255,152,0.6
NORTE DE SANTANDER,54128,CACHIRA,CACAO,2018,255,241,193,0.8
NORTE DE SANTANDER,54418,LOURDES,CACAO,2018,67,60,32,0.5
NORTE DE SANTANDER,54820,TOLEDO,CACAO,2018,65,45,27,0.6
NORTE DE SANTANDER,54673,SAN CAYETANO,CACAO,2018,51,50,25,0.5
NORTE DE SANTANDER,54003,ABREGO,CACAO,2018,49,48,48,1
NORTE DE SANTANDER,54680,SANTIAGO,CACAO,2018,41,7,6,0.8
NORTE DE SANTANDER,54498,OCAÑA,CACAO,2018,38,33,17,0.5
NORTE DE SANTANDER,54313,GRAMALOTE,CACAO,2018,22,19,6,0.3
NORTE DE SANTANDER,54239,DURANIA,CACAO,2018,11,8,5,0.7
NORTE DE SANTANDER,54051,ARBOLEDAS,CACAO,2018,8,8,4,0.5
NORTE DE SANTANDER,54172,CHINACOTA,CACAO,2018,7,7,5,0.7
NORTE DE SANTANDER,54660,SALAZAR,CACAO,2018,6,4,2,0.5
NORTE DE SANTANDER,54099,BOCHALEMA,CACAO,2018,3,0,0,0
PUTUMAYO,86757,SAN MIGUEL,CACAO,2018,2260,2150,1720,0.8
PUTUMAYO,86865,VALLE DEL GUAMUEZ,CACAO,2018,1240,1200,720,0.6
PUTUMAYO,86320,ORITO,CACAO,2018,329,318,159,0.5
PUTUMAYO,86573,PUERTO LEGUIZAMO,CACAO,2018,291,273,164,0.6
PUTUMAYO,86568,PUERTO ASIS,CACAO,2018,264,264,158,0.6
PUTUMAYO,86001,MOCOA,CACAO,2018,235,205,102,0.5
PUTUMAYO,86571,PUERTO GUZMAN,CACAO,2018,125,106,42,0.4
PUTUMAYO,86885,VILLAGARZON,CACAO,2018,86,72,50,0.7
PUTUMAYO,86569,PUERTO CAICEDO,CACAO,2018,24,20,8,0.4
QUINDIO,63401,LA TEBAIDA,CACAO,2018,202,202,283,1.4
QUINDIO,63001,ARMENIA,CACAO,2018,72,70,56,0.8
QUINDIO,63130,CALARCA,CACAO,2018,55,27,11,0.4
QUINDIO,63470,MONTENEGRO,CACAO,2018,48,7,4,0.6
QUINDIO,63212,CORDOBA,CACAO,2018,21,5,5,1
QUINDIO,63111,BUENAVISTA,CACAO,2018,16,6,4,0.6
QUINDIO,63548,PIJAO,CACAO,2018,12,11,6,0.6
QUINDIO,63302,GENOVA,CACAO,2018,9,7,4,0.5
QUINDIO,63594,QUIMBAYA,CACAO,2018,5,5,3,0.6
RISARALDA,66572,PUEBLO RICO,CACAO,2018,886,886,886,1
RISARALDA,66440,MARSELLA,CACAO,2018,331,288,202,0.7
RISARALDA,66456,MISTRATO,CACAO,2018,281,229,80,0.4
RISARALDA,66075,BALBOA,CACAO,2018,191,164,131,0.8
RISARALDA,66594,QUINCHIA,CACAO,2018,116,94,76,0.8
RISARALDA,66088,BELEN DE UMBRIA,CACAO,2018,104,30,24,0.8
RISARALDA,66001,PEREIRA,CACAO,2018,38,38,23,0.6
RISARALDA,66687,SANTUARIO,CACAO,2018,31,1,0,0.2
RISARALDA,66318,GUATICA,CACAO,2018,20,10,8,0.8
RISARALDA,66400,LA VIRGINIA,CACAO,2018,18,13,8,0.6
SANTANDER,68689,SAN VICENTE DE CHUCURI,CACAO,2018,17019,13080,6540,0.5
SANTANDER,68235,EL CARMEN DE CHUCURI,CACAO,2018,10887,10800,4320,0.4
SANTANDER,68385,LANDAZURI,CACAO,2018,6950,6140,3684,0.6
SANTANDER,68615,RIONEGRO,CACAO,2018,6197,5084,3050,0.6
SANTANDER,68190,CIMITARRA,CACAO,2018,1825,1760,1056,0.6
SANTANDER,68406,LEBRIJA,CACAO,2018,1784,1617,970,0.6
SANTANDER,68255,EL PLAYON,CACAO,2018,1355,1285,643,0.5
SANTANDER,68773,SUCRE,CACAO,2018,1300,1155,578,0.5
SANTANDER,68720,SANTA HELENA DEL OPON,CACAO,2018,900,850,425,0.5
SANTANDER,68377,LA BELLEZA,CACAO,2018,850,40,32,0.8
SANTANDER,68271,FLORIAN,CACAO,2018,700,500,300,0.6
SANTANDER,68101,BOLIVAR,CACAO,2018,615,460,368,0.8
SANTANDER,68092,BETULIA,CACAO,2018,485,470,376,0.8
SANTANDER,68397,LA PAZ,CACAO,2018,480,400,400,1
SANTANDER,68176,CHIMA,CACAO,2018,415,52,52,1
SANTANDER,68001,BUCARAMANGA,CACAO,2018,387,331,166,0.5
SANTANDER,68307,GIRON,CACAO,2018,383,347,156,0.5
SANTANDER,68745,SIMACOTA,CACAO,2018,313,180,144,0.8
SANTANDER,68861,VELEZ,CACAO,2018,305,260,130,0.5
SANTANDER,68250,EL PEÑON,CACAO,2018,278,274,151,0.5
SANTANDER,68081,BARRANCABERMEJA,CACAO,2018,257,147,73,0.5
SANTANDER,68320,GUADALUPE,CACAO,2018,247,180,144,0.8
SANTANDER,68755,SOCORRO,CACAO,2018,236,47,33,0.7
SANTANDER,68322,GUAPOTA,CACAO,2018,235,235,188,0.8
SANTANDER,68245,EL GUACAMAYO,CACAO,2018,210,160,96,0.6
SANTANDER,68547,PIEDECUESTA,CACAO,2018,210,190,86,0.5
SANTANDER,68179,CHIPATA,CACAO,2018,202,202,101,0.5
SANTANDER,68296,GALAN,CACAO,2018,176,176,88,0.5
SANTANDER,68524,PALMAS DEL SOCORRO,CACAO,2018,165,150,120,0.8
SANTANDER,68533,PARAMO,CACAO,2018,163,85,94,1.1
SANTANDER,68655,SABANA DE TORRES,CACAO,2018,154,126,63,0.5
SANTANDER,68498,OCAMONTE,CACAO,2018,95,80,40,0.5
SANTANDER,68573,PUERTO PARRA,CACAO,2018,80,80,32,0.4
SANTANDER,68344,HATO,CACAO,2018,75,64,51,0.8
SANTANDER,68211,CONTRATACION,CACAO,2018,67,63,38,0.6
SANTANDER,68229,CURITI,CACAO,2018,49,10,5,0.5
SANTANDER,68444,MATANZA,CACAO,2018,41,35,21,0.6
SANTANDER,68276,FLORIDABLANCA,CACAO,2018,37,35,28,0.8
SANTANDER,68895,ZAPATOCA,CACAO,2018,36,28,14,0.5
SANTANDER,68500,OIBA,CACAO,2018,21,20,20,1
SANTANDER,68522,PALMAR,CACAO,2018,18,17,10,0.6
SANTANDER,68855,VALLE DE SAN JOSE,CACAO,2018,17,13,6,0.4
SANTANDER,68160,CEPITA,CACAO,2018,14,2,1,0.3
SANTANDER,68705,SANTA BARBARA,CACAO,2018,10,0,0,0
SUCRE,70429,MAJAGUAL,CACAO,2018,160,140,84,0.6
SUCRE,70713,SAN ONOFRE,CACAO,2018,102,102,51,0.5
SUCRE,70508,OVEJAS,CACAO,2018,65,25,20,0.8
SUCRE,70204,COLOSO,CACAO,2018,49,4,2,0.5
SUCRE,70265,GUARANDA,CACAO,2018,49,31,22,0.7
SUCRE,70230,CHALAN,CACAO,2018,32,29,23,0.8
SUCRE,70473,MORROA,CACAO,2018,29,0,0,0
SUCRE,70708,SAN MARCOS,CACAO,2018,27,12,7,0.6
TOLIMA,73067,ATACO,CACAO,2018,1970,1901,951,0.5
TOLIMA,73168,CHAPARRAL,CACAO,2018,1920,1800,810,0.5
TOLIMA,73616,RIOBLANCO,CACAO,2018,800,605,363,0.6
TOLIMA,73563,PRADO,CACAO,2018,777,527,316,0.6
TOLIMA,73555,PLANADAS,CACAO,2018,715,715,358,0.5
TOLIMA,73449,MELGAR,CACAO,2018,612,612,306,0.5
TOLIMA,73226,CUNDAY,CACAO,2018,600,600,360,0.6
TOLIMA,73270,FALAN,CACAO,2018,580,580,290,0.5
TOLIMA,73408,LERIDA,CACAO,2018,563,470,329,0.7
TOLIMA,73443,MARIQUITA,CACAO,2018,542,520,312,0.6
TOLIMA,73283,FRESNO,CACAO,2018,463,400,200,0.5
TOLIMA,73026,ALVARADO,CACAO,2018,350,304,152,0.5
TOLIMA,73504,ORTEGA,CACAO,2018,342,267,160,0.6
TOLIMA,73675,SAN ANTONIO,CACAO,2018,339,326,196,0.6
TOLIMA,73520,PALOCABILDO,CACAO,2018,322,262,157,0.6
TOLIMA,73411,LIBANO,CACAO,2018,315,262,131,0.5
TOLIMA,73624,ROVIRA,CACAO,2018,312,304,182,0.6
TOLIMA,73585,PURIFICACION,CACAO,2018,287,267,160,0.6
TOLIMA,73861,VENADILLO,CACAO,2018,250,250,150,0.6
TOLIMA,73873,VILLARRICA,CACAO,2018,248,218,109,0.5
TOLIMA,73001,IBAGUE,CACAO,2018,221,221,111,0.5
TOLIMA,73055,ARMERO (GUAYABAL),CACAO,2018,160,150,75,0.5
TOLIMA,73148,CARMEN DE APICALA,CACAO,2018,157,137,82,0.6
TOLIMA,73319,GUAMO,CACAO,2018,153,133,67,0.5
TOLIMA,73352,ICONONZO,CACAO,2018,120,120,60,0.5
TOLIMA,73043,ANZOATEGUI,CACAO,2018,106,56,28,0.5
TOLIMA,73152,CASABIANCA,CACAO,2018,93,93,56,0.6
TOLIMA,73236,DOLORES,CACAO,2018,83,70,35,0.5
TOLIMA,73678,SAN LUIS,CACAO,2018,75,73,44,0.6
TOLIMA,73024,ALPUJARRA,CACAO,2018,58,58,29,0.5
TOLIMA,73870,VILLAHERMOSA,CACAO,2018,53,23,14,0.6
TOLIMA,73854,VALLE DE SAN JUAN,CACAO,2018,53,47,24,0.5
TOLIMA,73217,COYAIMA,CACAO,2018,50,48,19,0.4
TOLIMA,73483,NATAGAIMA,CACAO,2018,42,32,19,0.6
VALLE DEL CAUCA,76233,DAGUA,CACAO,2018,370,319,160,0.5
VALLE DEL CAUCA,76364,JAMUNDI,CACAO,2018,278,265,171,0.6
VALLE DEL CAUCA,76100,BOLIVAR,CACAO,2018,207,207,124,0.6
VALLE DEL CAUCA,76109,BUENAVENTURA,CACAO,2018,150,88,53,0.6
VALLE DEL CAUCA,76616,RIOFRIO,CACAO,2018,120,61,37,0.6
VALLE DEL CAUCA,76113,BUGALAGRANDE,CACAO,2018,92,86,69,0.8
VALLE DEL CAUCA,76122,CAICEDONIA,CACAO,2018,80,63,38,0.6
VALLE DEL CAUCA,76828,TRUJILLO,CACAO,2018,59,29,14,0.5
VALLE DEL CAUCA,76250,EL DOVIO,CACAO,2018,54,18,7,0.4
VALLE DEL CAUCA,76834,TULUA,CACAO,2018,47,36,36,1
VALLE DEL CAUCA,76403,LA VICTORIA,CACAO,2018,42,42,21,0.5
VALLE DEL CAUCA,76036,ANDALUCIA,CACAO,2018,40,10,5,0.5
VALLE DEL CAUCA,76497,OBANDO,CACAO,2018,34,28,14,0.5
VALLE DEL CAUCA,76041,ANSERMANUEVO,CACAO,2018,27,24,12,0.5
VALLE DEL CAUCA,76243,EL AGUILA,CACAO,2018,20,20,16,0.8
VALLE DEL CAUCA,76736,SEVILLA,CACAO,2018,16,12,10,0.8
VALLE DEL CAUCA,76863,VERSALLES,CACAO,2018,16,14,11,0.8
VALLE DEL CAUCA,76275,FLORIDA,CACAO,2018,16,16,10,0.6
VALLE DEL CAUCA,76020,ALCALA,CACAO,2018,15,0,0,0
VALLE DEL CAUCA,76147,CARTAGO,CACAO,2018,11,1,1,0.8
VALLE DEL CAUCA,76520,PALMIRA,CACAO,2018,11,3,2,0.8
VALLE DEL CAUCA,76622,ROLDANILLO,CACAO,2018,11,10,5,0.5
VALLE DEL CAUCA,76054,ARGELIA,CACAO,2018,10,3,1,0.4
VALLE DEL CAUCA,76823,TORO,CACAO,2018,10,9,9,1
VALLE DEL CAUCA,76845,ULLOA,CACAO,2018,6,6,3,0.5
VALLE DEL CAUCA,76895,ZARZAL,CACAO,2018,6,6,3,0.6
VALLE DEL CAUCA,76111,BUGA,CACAO,2018,6,6,9,1.5
VALLE DEL CAUCA,76318,GUACARI,CACAO,2018,5,4,4,1
VALLE DEL CAUCA,76400,LA UNION,CACAO,2018,4,3,1,0.4
VALLE DEL CAUCA,76126,CALIMA EL DARIEN,CACAO,2018,3,2,1,0.4
VALLE DEL CAUCA,76130,CANDELARIA,CACAO,2018,3,2,2,0.8
VALLE DEL CAUCA,76892,YUMBO,CACAO,2018,2,0,0,0
VAUPES,97161,CARURU,CACAO,2018,30,30,11,0.4
VICHADA,99624,SANTA ROSALIA,CACAO,2018,920,800,400,0.5
VICHADA,99773,CUMARIBO,CACAO,2018,280,140,70,0.5
VICHADA,99524,LA PRIMAVERA,CACAO,2018,40,32,9,0.3
AMAZONAS,91540,PUERTO NARIÑO,CACAO,2017,98,29,15,0.5
AMAZONAS,91001,LETICIA,CACAO,2017,52,0,0,0
ANTIOQUIA,5837,TURBO,CACAO,2017,2166,1761,881,0.5
ANTIOQUIA,5120,CACERES,CACAO,2017,2044,934,560,0.6
ANTIOQUIA,5045,APARTADO,CACAO,2017,2014,1404,702,0.5
ANTIOQUIA,5490,NECOCLI,CACAO,2017,1887,1162,581,0.5
ANTIOQUIA,5425,MACEO,CACAO,2017,1580,1400,840,0.6
ANTIOQUIA,5858,VEGACHI,CACAO,2017,858,808,485,0.6
ANTIOQUIA,5790,TARAZA,CACAO,2017,770,420,252,0.6
ANTIOQUIA,5031,AMALFI,CACAO,2017,707,668,334,0.5
ANTIOQUIA,5172,CHIGORODO,CACAO,2017,669,394,236,0.6
ANTIOQUIA,5854,VALDIVIA,CACAO,2017,662,384,192,0.5
ANTIOQUIA,5147,CAREPA,CACAO,2017,514,304,213,0.7
ANTIOQUIA,5885,YALI,CACAO,2017,468,448,314,0.7
ANTIOQUIA,5665,SAN PEDRO DE URABA,CACAO,2017,460,350,175,0.5
ANTIOQUIA,5142,CARACOLI,CACAO,2017,453,448,313,0.7
ANTIOQUIA,5659,SAN JUAN DE URABA,CACAO,2017,410,390,312,0.8
ANTIOQUIA,5483,NARIÑO,CACAO,2017,402,390,234,0.6
ANTIOQUIA,5250,EL BAGRE,CACAO,2017,363,257,154,0.6
ANTIOQUIA,5652,SAN FRANCISCO,CACAO,2017,347,284,199,0.7
ANTIOQUIA,5660,SAN LUIS,CACAO,2017,309,246,98,0.4
ANTIOQUIA,5234,DABEIBA,CACAO,2017,294,226,158,0.7
ANTIOQUIA,5361,ITUANGO,CACAO,2017,290,265,212,0.8
ANTIOQUIA,5895,ZARAGOZA,CACAO,2017,287,269,161,0.6
ANTIOQUIA,5604,REMEDIOS,CACAO,2017,270,215,129,0.6
ANTIOQUIA,5649,SAN CARLOS,CACAO,2017,254,197,118,0.6
ANTIOQUIA,5051,ARBOLETES,CACAO,2017,253,245,147,0.6
ANTIOQUIA,5480,MUTATA,CACAO,2017,250,216,173,0.8
ANTIOQUIA,5670,SAN ROQUE,CACAO,2017,242,62,50,0.8
ANTIOQUIA,5040,ANORI,CACAO,2017,235,210,147,0.7
ANTIOQUIA,5890,YOLOMBO,CACAO,2017,194,119,71,0.6
ANTIOQUIA,5789,TAMESIS,CACAO,2017,192,182,109,0.6
ANTIOQUIA,5579,PUERTO BERRIO,CACAO,2017,178,178,71,0.4
ANTIOQUIA,5736,SEGOVIA,CACAO,2017,168,146,58,0.4
ANTIOQUIA,5585,PUERTO NARE,CACAO,2017,160,160,72,0.5
ANTIOQUIA,5842,URAMITA,CACAO,2017,146,115,69,0.6
ANTIOQUIA,5055,ARGELIA,CACAO,2017,138,20,10,0.5
ANTIOQUIA,5154,CAUCASIA,CACAO,2017,136,0,0,0
ANTIOQUIA,5893,YONDO,CACAO,2017,121,71,57,0.8
ANTIOQUIA,5679,SANTA BARBARA,CACAO,2017,110,90,54,0.6
ANTIOQUIA,5591,PUERTO TRIUNFO,CACAO,2017,103,80,40,0.5
ANTIOQUIA,5284,FRONTINO,CACAO,2017,96,43,26,0.6
ANTIOQUIA,5138,CAÑASGORDAS,CACAO,2017,94,83,33,0.4
ANTIOQUIA,5756,SONSON,CACAO,2017,89,69,41,0.6
ANTIOQUIA,5315,GUADALUPE,CACAO,2017,73,42,42,1
ANTIOQUIA,5107,BRICEÑO,CACAO,2017,57,30,18,0.6
ANTIOQUIA,5197,COCORNA,CACAO,2017,55,50,30,0.6
ANTIOQUIA,5887,YARUMAL,CACAO,2017,54,39,8,0.2
ANTIOQUIA,5690,SANTO DOMINGO,CACAO,2017,54,54,38,0.7
ANTIOQUIA,5647,SAN ANDRES,CACAO,2017,51,47,14,0.3
ANTIOQUIA,5667,SAN RAFAEL,CACAO,2017,44,37,30,0.8
ANTIOQUIA,5792,TARSO,CACAO,2017,43,38,23,0.6
ANTIOQUIA,5240,EBEJICO,CACAO,2017,40,40,20,0.5
ANTIOQUIA,5495,NECHI,CACAO,2017,37,5,2,0.3
ANTIOQUIA,5134,CAMPAMENTO,CACAO,2017,26,26,10,0.4
ANTIOQUIA,5209,CONCORDIA,CACAO,2017,25,10,5,0.5
ANTIOQUIA,5819,TOLEDO,CACAO,2017,21,13,4,0.3
ANTIOQUIA,5809,TITIRIBI,CACAO,2017,15,14,11,0.8
ANTIOQUIA,5113,BURITICA,CACAO,2017,11,11,6,0.5
ANTIOQUIA,5856,VALPARAISO,CACAO,2017,8,6,3,0.5
ANTIOQUIA,5042,SANTAFE DE ANTIOQUIA,CACAO,2017,8,8,8,1
ANTIOQUIA,5093,BETULIA,CACAO,2017,7,7,3,0.4
ANTIOQUIA,5002,ABEJORRAL,CACAO,2017,5,5,2,0.4
ANTIOQUIA,5190,CISNEROS,CACAO,2017,5,5,4,0.8
ANTIOQUIA,5686,SANTA ROSA DE OSOS,CACAO,2017,3,1,1,0.7
ANTIOQUIA,5148,CARMEN DE VIBORAL,CACAO,2017,2,0,0,0
ANTIOQUIA,5628,SABANALARGA,CACAO,2017,2,2,1,0.5
ANTIOQUIA,5347,HELICONIA,CACAO,2017,2,2,2,1
ARAUCA,81065,ARAUQUITA,CACAO,2017,6820,6167,3700,0.6
ARAUCA,81736,SARAVENA,CACAO,2017,4106,3880,2328,0.6
ARAUCA,81794,TAME,CACAO,2017,3993,3670,2202,0.6
ARAUCA,81300,FORTUL,CACAO,2017,2255,2194,1316,0.6
ARAUCA,81001,ARAUCA,CACAO,2017,852,580,348,0.6
ARAUCA,81591,PUERTO RONDON,CACAO,2017,47,47,28,0.6
ARAUCA,81220,CRAVO NORTE,CACAO,2017,8,8,5,0.6
BOLIVAR,13688,SANTA ROSA DEL SUR,CACAO,2017,3350,3040,1368,0.5
BOLIVAR,13670,SAN PABLO,CACAO,2017,1350,897,314,0.4
BOLIVAR,13744,SIMITI,CACAO,2017,1005,755,302,0.4
BOLIVAR,13160,CANTAGALLO,CACAO,2017,800,500,215,0.4
BOLIVAR,13654,SAN JACINTO,CACAO,2017,441,250,50,0.2
BOLIVAR,13549,PINILLOS,CACAO,2017,397,297,128,0.4
BOLIVAR,13244,EL CARMEN DE BOLIVAR,CACAO,2017,279,138,21,0.2
BOLIVAR,13001,CARTAGENA DE INDIAS,CACAO,2017,240,240,96,0.4
BOLIVAR,13006,ACHÍ,CACAO,2017,150,20,10,0.5
BOLIVAR,13473,MORALES,CACAO,2017,137,77,32,0.4
BOLIVAR,13810,TIQUISIO,CACAO,2017,110,25,13,0.5
BOLIVAR,13657,SAN JUAN NEPOMUCENO,CACAO,2017,88,18,7,0.4
BOLIVAR,13442,MARIA LA BAJA,CACAO,2017,73,58,9,0.2
BOLIVAR,13042,ARENAL,CACAO,2017,60,60,24,0.4
BOLIVAR,13490,NOROSI,CACAO,2017,52,52,17,0.3
BOLIVAR,13074,BARRANCO DE LOBA,CACAO,2017,46,46,18,0.4
BOLIVAR,13667,SAN MARTIN DE LOBA,CACAO,2017,30,0,0,0
BOLIVAR,13030,ALTOS DEL ROSARIO,CACAO,2017,20,0,0,0
BOLIVAR,13458,MONTECRISTO,CACAO,2017,12,12,6,0.5
BOLIVAR,13655,SAN JACINTO DEL CAUCA,CACAO,2017,10,10,6,0.6
BOYACA,15531,PAUNA,CACAO,2017,791,671,336,0.5
BOYACA,15442,MARIPI,CACAO,2017,785,745,373,0.5
BOYACA,15507,OTANCHE,CACAO,2017,775,575,288,0.5
BOYACA,15681,SAN PABLO DE BORBUR,CACAO,2017,730,579,232,0.4
BOYACA,15580,QUIPAMA,CACAO,2017,595,535,321,0.6
BOYACA,15480,MUZO,CACAO,2017,518,438,219,0.5
BOYACA,15572,PUERTO BOYACA,CACAO,2017,450,400,200,0.5
BOYACA,15212,COPER,CACAO,2017,258,254,102,0.4
BOYACA,15223,CUBARA,CACAO,2017,110,97,78,0.8
BOYACA,15109,BUENAVISTA,CACAO,2017,80,65,43,0.7
BOYACA,15401,LA VICTORIA,CACAO,2017,72,47,33,0.7
BOYACA,15667,SAN LUIS DE GACENO,CACAO,2017,66,35,21,0.6
BOYACA,15690,SANTA MARIA,CACAO,2017,60,0,0,0.5
BOYACA,15135,CAMPOHERMOSO,CACAO,2017,35,20,10,0.5
BOYACA,15686,SANTANA,CACAO,2017,32,32,13,0.4
BOYACA,15514,PAEZ,CACAO,2017,29,24,17,0.7
BOYACA,15533,PAYA,CACAO,2017,16,13,4,0.3
BOYACA,15455,MIRAFLORES,CACAO,2017,11,9,5,0.5
BOYACA,15832,TUNUNGUA,CACAO,2017,9,9,8,0.9
BOYACA,15090,BERBEO,CACAO,2017,4,0,0,0
CALDAS,17662,SAMANA,CACAO,2017,1419,979,490,0.5
CALDAS,17088,BELALCAZAR,CACAO,2017,676,673,337,0.5
CALDAS,17867,VICTORIA,CACAO,2017,662,465,233,0.5
CALDAS,17495,NORCASIA,CACAO,2017,528,448,314,0.7
CALDAS,17042,ANSERMA,CACAO,2017,509,424,208,0.5
CALDAS,17444,MARQUETALIA,CACAO,2017,104,93,65,0.7
CALDAS,17616,RISARALDA,CACAO,2017,86,75,45,0.6
CALDAS,17524,PALESTINA,CACAO,2017,82,60,42,0.7
CALDAS,17665,SAN JOSE,CACAO,2017,61,53,27,0.5
CALDAS,17486,NEIRA,CACAO,2017,56,18,13,0.7
CALDAS,17877,VITERBO,CACAO,2017,55,35,25,0.7
CALDAS,17614,RIOSUCIO,CACAO,2017,52,15,11,0.7
CALDAS,17777,SUPIA,CACAO,2017,52,44,22,0.5
CALDAS,17541,PENSILVANIA,CACAO,2017,44,11,5,0.5
CALDAS,17388,LA MERCED,CACAO,2017,15,9,5,0.5
CALDAS,17174,CHINCHINA,CACAO,2017,10,10,6,0.6
CAQUETA,18460,MILAN,CACAO,2017,622,610,122,0.2
CAQUETA,18150,CARTAGENA DEL CHAIRA,CACAO,2017,544,294,132,0.5
CAQUETA,18610,SAN JOSE DEL FRAGUA,CACAO,2017,531,102,41,0.4
CAQUETA,18247,EL DONCELLO,CACAO,2017,530,410,205,0.5
CAQUETA,18753,SAN VICENTE DEL CAGUAN,CACAO,2017,372,320,128,0.4
CAQUETA,18756,SOLANO,CACAO,2017,370,60,24,0.4
CAQUETA,18256,EL PAUJIL,CACAO,2017,310,310,124,0.4
CAQUETA,18094,BELEN DE LOS ANDAQUIES,CACAO,2017,242,220,88,0.4
CAQUETA,18785,SOLITA,CACAO,2017,215,70,28,0.4
CAQUETA,18001,FLORENCIA,CACAO,2017,149,104,42,0.4
CAQUETA,18205,CURILLO,CACAO,2017,140,40,16,0.4
CAQUETA,18410,MONTAÑITA,CACAO,2017,116,56,22,0.4
CAQUETA,18860,VALPARAISO,CACAO,2017,90,90,36,0.4
CAQUETA,18592,PUERTO RICO,CACAO,2017,43,33,13,0.4
CAQUETA,18029,ALBANIA,CACAO,2017,31,29,12,0.4
CAQUETA,18479,MORELIA,CACAO,2017,7,7,3,0.4
CASANARE,85410,TAURAMENA,CACAO,2017,174,115,46,0.4
CASANARE,85001,YOPAL,CACAO,2017,140,122,73,0.6
CASANARE,85010,AGUAZUL,CACAO,2017,130,90,54,0.6
CASANARE,85139,MANI,CACAO,2017,121,86,43,0.5
CASANARE,85125,HATO COROZAL,CACAO,2017,120,56,34,0.6
CASANARE,85440,VILLANUEVA,CACAO,2017,95,85,43,0.5
CASANARE,85263,PORE,CACAO,2017,82,74,30,0.4
CASANARE,85400,TAMARA,CACAO,2017,75,50,20,0.4
CASANARE,85250,PAZ DE ARIPORO,CACAO,2017,62,52,31,0.6
CASANARE,85162,MONTERREY,CACAO,2017,45,3,1,0.4
CASANARE,85300,SABANALARGA,CACAO,2017,37,36,18,0.5
CASANARE,85225,NUNCHIA,CACAO,2017,28,14,7,0.5
CASANARE,85325,SAN LUIS DE PALENQUE,CACAO,2017,13,13,6,0.5
CASANARE,85230,OROCUE,CACAO,2017,11,11,6,0.5
CASANARE,85430,TRINIDAD,CACAO,2017,5,5,5,0.9
CAUCA,19256,EL TAMBO,CACAO,2017,905,785,393,0.5
CAUCA,19450,MERCADERES,CACAO,2017,521,509,255,0.5
CAUCA,19533,PIAMONTE,CACAO,2017,360,0,0,0
CAUCA,19780,SUAREZ,CACAO,2017,242,242,145,0.6
CAUCA,19075,BALBOA,CACAO,2017,212,112,56,0.5
CAUCA,19807,TIMBIO,CACAO,2017,199,199,119,0.6
CAUCA,19300,GUACHENE,CACAO,2017,153,148,59,0.4
CAUCA,19701,SANTA ROSA,CACAO,2017,121,71,36,0.5
CAUCA,19532,PATIA,CACAO,2017,113,5,3,0.6
CAUCA,19142,CALOTO,CACAO,2017,102,77,46,0.6
CAUCA,19100,BOLIVAR,CACAO,2017,102,102,61,0.6
CAUCA,19050,ARGELIA,CACAO,2017,99,96,48,0.5
CAUCA,19130,CAJIBIO,CACAO,2017,96,73,58,0.8
CAUCA,19455,MIRANDA,CACAO,2017,93,93,46,0.5
CAUCA,19418,LOPEZ DE MICAY,CACAO,2017,90,50,15,0.3
CAUCA,19845,VILLA RICA,CACAO,2017,70,69,41,0.6
CAUCA,19513,PADILLA,CACAO,2017,68,18,7,0.4
CAUCA,19355,INZA,CACAO,2017,55,0,0,0
CAUCA,19392,LA SIERRA,CACAO,2017,50,50,25,0.5
CAUCA,19622,ROSAS,CACAO,2017,50,50,25,0.5
CAUCA,19785,SUCRE,CACAO,2017,47,2,1,0.6
CAUCA,19573,PUERTO TEJADA,CACAO,2017,46,46,23,0.5
CAUCA,19290,FLORENCIA,CACAO,2017,41,2,1,0.4
CAUCA,19473,MORALES,CACAO,2017,40,0,0,0
CESAR,20570,PUEBLO BELLO,CACAO,2017,1870,953,477,0.5
CESAR,20400,LA JAGUA DE IBIRICO,CACAO,2017,811,780,546,0.7
CESAR,20013,AGUSTIN CODAZZI,CACAO,2017,784,730,292,0.4
CESAR,20001,VALLEDUPAR,CACAO,2017,760,760,380,0.5
CESAR,20621,LA PAZ,CACAO,2017,710,700,280,0.4
CESAR,20228,CURUMANI,CACAO,2017,400,330,132,0.4
CESAR,20517,PAILITAS,CACAO,2017,386,94,56,0.6
CESAR,20710,SAN ALBERTO,CACAO,2017,335,335,134,0.4
CESAR,20238,EL COPEY,CACAO,2017,230,210,84,0.4
CESAR,20443,MANAURE,CACAO,2017,177,170,102,0.6
CESAR,20770,SAN MARTIN,CACAO,2017,150,42,17,0.4
CESAR,20011,AGUACHICA,CACAO,2017,100,90,36,0.4
CESAR,20045,BECERRIL,CACAO,2017,97,60,42,0.7
CESAR,20750,SAN DIEGO,CACAO,2017,96,96,38,0.4
CESAR,20614,RIO DE ORO,CACAO,2017,85,60,30,0.5
CESAR,20383,LA GLORIA,CACAO,2017,33,20,8,0.4
CESAR,20178,CHIRIGUANA,CACAO,2017,30,30,15,0.5
CESAR,20175,CHIMICHAGUA,CACAO,2017,28,20,12,0.6
CESAR,20550,PELAYA,CACAO,2017,8,4,2,0.4
CHOCO,27430,MEDIO BAUDO,CACAO,2017,886,660,264,0.4
CHOCO,27615,RIOSUCIO,CACAO,2017,675,625,313,0.5
CHOCO,27660,SAN JOSE DEL PALMAR,CACAO,2017,544,541,135,0.3
CHOCO,27001,QUIBDO,CACAO,2017,540,290,116,0.4
CHOCO,27150,CARMEN DEL DARIEN,CACAO,2017,520,520,208,0.4
CHOCO,27800,UNGUIA,CACAO,2017,481,481,241,0.5
CHOCO,27787,TADO,CACAO,2017,421,261,78,0.3
CHOCO,27025,ALTO BAUDO,CACAO,2017,181,150,45,0.3
CHOCO,27077,BAJO BAUDO,CACAO,2017,161,15,8,0.5
CHOCO,27073,BAGADO,CACAO,2017,160,6,2,0.4
CHOCO,27491,NOVITA,CACAO,2017,150,80,40,0.5
CHOCO,27006,ACANDI,CACAO,2017,144,108,54,0.5
CHOCO,27450,MEDIO SAN JUAN,CACAO,2017,140,20,8,0.4
CHOCO,27361,ISTMINA,CACAO,2017,124,40,20,0.5
CHOCO,27600,RIO QUITO,CACAO,2017,82,70,42,0.6
CHOCO,27099,BOJAYA,CACAO,2017,70,70,42,0.6
CHOCO,27495,NUQUI,CACAO,2017,66,31,9,0.3
CHOCO,27135,EL CANTON DEL SAN PABLO,CACAO,2017,61,20,12,0.6
CHOCO,27205,CONDOTO,CACAO,2017,38,38,11,0.3
CHOCO,27745,SIPI,CACAO,2017,25,0,0,0
CHOCO,27580,RIO IRO,CACAO,2017,21,8,5,0.6
CHOCO,27050,ATRATO,CACAO,2017,18,5,2,0.4
CHOCO,27160,CERTEGUI,CACAO,2017,14,7,4,0.5
CHOCO,27075,BAHIA SOLANO,CACAO,2017,10,8,3,0.4
CHOCO,27810,UNION PANAMERICANA,CACAO,2017,6,5,2,0.4
CORDOBA,23807,TIERRALTA,CACAO,2017,1345,800,400,0.5
CORDOBA,23855,VALENCIA,CACAO,2017,675,545,367,0.7
CORDOBA,23580,PUERTO LIBERTADOR,CACAO,2017,437,237,119,0.5
CORDOBA,23466,MONTELIBANO,CACAO,2017,250,240,144,0.6
CORDOBA,23419,LOS CORDOBAS,CACAO,2017,238,202,202,1
CORDOBA,23090,CANALETE,CACAO,2017,170,25,25,1
CORDOBA,23682,SAN JOSE DE URE,CACAO,2017,75,75,45,0.6
CORDOBA,23001,MONTERIA,CACAO,2017,22,13,13,1
CORDOBA,23189,CIENAGA DE ORO,CACAO,2017,18,18,13,0.7
CUNDINAMARCA,25885,YACOPI,CACAO,2017,2571,2351,940,0.4
CUNDINAMARCA,25148,CAPARRAPI,CACAO,2017,1429,1284,1156,0.9
CUNDINAMARCA,25518,PAIME,CACAO,2017,456,366,220,0.6
CUNDINAMARCA,25878,VIOTA,CACAO,2017,330,293,176,0.6
CUNDINAMARCA,25488,NILO,CACAO,2017,329,278,111,0.4
CUNDINAMARCA,25862,VERGARA,CACAO,2017,209,144,86,0.6
CUNDINAMARCA,25258,EL PEÑON,CACAO,2017,164,122,86,0.7
CUNDINAMARCA,25394,LA PALMA,CACAO,2017,158,54,54,1
CUNDINAMARCA,25823,TOPAIPI,CACAO,2017,140,64,26,0.4
CUNDINAMARCA,25839,UBALA,CACAO,2017,122,122,110,0.9
CUNDINAMARCA,25438,MEDINA,CACAO,2017,105,80,80,1
CUNDINAMARCA,25596,QUIPILE,CACAO,2017,89,0,0,0
CUNDINAMARCA,25815,TOCAIMA,CACAO,2017,85,42,34,0.8
CUNDINAMARCA,25491,NOCAIMA,CACAO,2017,79,62,56,0.9
CUNDINAMARCA,25718,SASAIMA,CACAO,2017,70,67,34,0.5
CUNDINAMARCA,25168,CHAGUANI,CACAO,2017,60,36,25,0.7
CUNDINAMARCA,25035,ANAPOIMA,CACAO,2017,56,52,52,1
CUNDINAMARCA,25320,GUADUAS,CACAO,2017,47,41,49,1.2
CUNDINAMARCA,25662,SAN JUAN DE RIOSECO,CACAO,2017,45,38,15,0.4
CUNDINAMARCA,25580,PULI,CACAO,2017,40,36,36,1
CUNDINAMARCA,25245,EL COLEGIO,CACAO,2017,32,28,14,0.5
CUNDINAMARCA,25368,JERUSALEN,CACAO,2017,31,29,15,0.5
CUNDINAMARCA,25402,LA VEGA,CACAO,2017,25,25,10,0.4
CUNDINAMARCA,25398,LA PEÑA,CACAO,2017,20,20,4,0.2
CUNDINAMARCA,25592,QUEBRADANEGRA,CACAO,2017,17,7,3,0.5
CUNDINAMARCA,25053,ARBELAEZ,CACAO,2017,15,12,12,1
CUNDINAMARCA,25572,PUERTO SALGAR,CACAO,2017,14,7,4,0.5
CUNDINAMARCA,25530,PARATEBUENO,CACAO,2017,10,8,3,0.4
CUNDINAMARCA,25489,NIMAIMA,CACAO,2017,7,7,3,0.4
CUNDINAMARCA,25875,VILLETA,CACAO,2017,4,4,4,1
CUNDINAMARCA,25001,AGUA DE DIOS,CACAO,2017,3,3,3,1
GUAINIA,94343,BARRANCO MINA,CACAO,2017,1454,165,66,0.4
GUAINIA,94001,INIRIDA,CACAO,2017,85,85,43,0.5
GUAVIARE,95001,SAN JOSE DEL GUAVIARE,CACAO,2017,493,296,148,0.5
GUAVIARE,95025,EL RETORNO,CACAO,2017,425,255,128,0.5
GUAVIARE,95015,CALAMAR,CACAO,2017,201,121,61,0.5
GUAVIARE,95200,MIRAFLORES,CACAO,2017,134,80,40,0.5
HUILA,41615,RIVERA,CACAO,2017,914,884,656,0.7
HUILA,41799,TELLO,CACAO,2017,558,518,337,0.6
HUILA,41001,NEIVA,CACAO,2017,490,463,316,0.7
HUILA,41132,CAMPOALEGRE,CACAO,2017,485,444,311,0.7
HUILA,41306,GIGANTE,CACAO,2017,443,410,267,0.7
HUILA,41396,LA PLATA,CACAO,2017,414,365,212,0.6
HUILA,41020,ALGECIRAS,CACAO,2017,393,363,287,0.8
HUILA,41797,TESALIA,CACAO,2017,349,341,217,0.6
HUILA,41078,BARAYA,CACAO,2017,335,311,187,0.6
HUILA,41206,COLOMBIA,CACAO,2017,296,272,181,0.7
HUILA,41791,TARQUI,CACAO,2017,289,279,139,0.5
HUILA,41518,PAICOL,CACAO,2017,275,258,170,0.7
HUILA,41524,PALERMO,CACAO,2017,262,205,154,0.7
HUILA,41013,AGRADO,CACAO,2017,221,172,117,0.7
HUILA,41357,IQUIRA,CACAO,2017,189,157,78,0.5
HUILA,41801,TERUEL,CACAO,2017,165,147,92,0.6
HUILA,41548,PITAL,CACAO,2017,154,142,92,0.7
HUILA,41244,ELIAS,CACAO,2017,134,134,73,0.5
HUILA,41298,GARZON,CACAO,2017,118,85,60,0.7
HUILA,41483,NATAGA,CACAO,2017,113,107,68,0.6
HUILA,41676,SANTA MARIA,CACAO,2017,113,105,66,0.6
HUILA,41319,GUADALUPE,CACAO,2017,102,82,53,0.7
HUILA,41770,SUAZA,CACAO,2017,101,66,40,0.6
HUILA,41349,HOBO,CACAO,2017,94,81,56,0.7
HUILA,41660,SALADOBLANCO,CACAO,2017,78,74,46,0.6
HUILA,41503,OPORAPA,CACAO,2017,69,58,37,0.6
HUILA,41551,PITALITO,CACAO,2017,62,54,37,0.7
HUILA,41885,YAGUARA,CACAO,2017,61,47,29,0.6
HUILA,41016,AIPE,CACAO,2017,45,36,20,0.6
HUILA,41872,VILLAVIEJA,CACAO,2017,38,19,13,0.7
HUILA,41359,ISNOS,CACAO,2017,31,31,15,0.5
HUILA,41807,TIMANA,CACAO,2017,28,28,17,0.6
HUILA,41006,ACEVEDO,CACAO,2017,15,8,5,0.6
HUILA,41026,ALTAMIRA,CACAO,2017,10,6,4,0.6
HUILA,41530,PALESTINA,CACAO,2017,6,6,3,0.6
HUILA,41668,SAN AGUSTIN,CACAO,2017,1,1,1,0.6
LA GUAJIRA,44090,DIBULLA,CACAO,2017,363,313,188,0.6
LA GUAJIRA,44855,URUMITA,CACAO,2017,250,200,120,0.6
LA GUAJIRA,44420,LA JAGUA DEL PILAR,CACAO,2017,42,38,19,0.5
LA GUAJIRA,44110,EL MOLINO,CACAO,2017,29,28,17,0.6
LA GUAJIRA,44874,VILLANUEVA,CACAO,2017,11,9,5,0.5
LA GUAJIRA,44078,BARRANCAS,CACAO,2017,8,6,3,0.5
LA GUAJIRA,44098,DISTRACCION,CACAO,2017,1,1,1,0.6
LA GUAJIRA,44279,FONSECA,CACAO,2017,1,1,1,0.6
MAGDALENA,47001,SANTA MARTA,CACAO,2017,1360,1020,510,0.5
MAGDALENA,47189,CIENAGA,CACAO,2017,430,230,92,0.4
MAGDALENA,47288,FUNDACION,CACAO,2017,344,239,120,0.5
MAGDALENA,47053,ARACATACA,CACAO,2017,314,306,153,0.5
MAGDALENA,47980,ZONA BANANERA,CACAO,2017,75,54,27,0.5
META,50711,VISTA HERMOSA,CACAO,2017,1250,992,794,0.8
META,50313,GRANADA,CACAO,2017,852,680,408,0.6
META,50400,LEJANIAS,CACAO,2017,604,262,157,0.6
META,50270,EL DORADO,CACAO,2017,585,475,238,0.5
META,50590,PUERTO RICO,CACAO,2017,535,295,177,0.6
META,50251,EL CASTILLO,CACAO,2017,515,465,279,0.6
META,50223,SAN LUIS DE CUBARRAL,CACAO,2017,496,421,253,0.6
META,50370,LA URIBE,CACAO,2017,491,391,235,0.6
META,50683,SAN JUAN DE ARAMA,CACAO,2017,490,444,266,0.6
META,50330,MESETAS,CACAO,2017,432,202,121,0.6
META,50006,ACACIAS,CACAO,2017,427,357,214,0.6
META,50577,PUERTO LLERAS,CACAO,2017,411,411,247,0.6
META,50318,GUAMAL,CACAO,2017,410,130,78,0.6
META,50450,PUERTO CONCORDIA,CACAO,2017,398,150,75,0.5
META,50124,CABUYARO,CACAO,2017,184,20,12,0.6
META,50287,FUENTE DE ORO,CACAO,2017,184,134,67,0.5
META,50568,PUERTO GAITAN,CACAO,2017,171,156,94,0.6
META,50001,VILLAVICENCIO,CACAO,2017,147,80,48,0.6
META,50150,CASTILLA LA NUEVA,CACAO,2017,133,88,53,0.6
META,50573,PUERTO LOPEZ,CACAO,2017,126,40,36,0.9
META,50325,MAPIRIPAN,CACAO,2017,120,75,45,0.6
META,50689,SAN MARTIN,CACAO,2017,88,70,35,0.5
META,50350,LA MACARENA,CACAO,2017,52,52,26,0.5
META,50226,CUMARAL,CACAO,2017,46,46,28,0.6
META,50110,BARRANCA DE UPIA,CACAO,2017,34,29,17,0.6
META,50680,SAN CARLOS DE GUAROA,CACAO,2017,31,28,17,0.6
META,50606,RESTREPO,CACAO,2017,20,20,16,0.8
NARIÑO,52835,TUMACO,CACAO,2017,18600,14000,2800,0.2
NARIÑO,52540,POLICARPA,CACAO,2017,515,505,303,0.6
NARIÑO,52520,FRANCISCO PIZARRO,CACAO,2017,506,466,117,0.3
NARIÑO,52250,EL CHARCO,CACAO,2017,500,498,149,0.3
NARIÑO,52490,OLAYA HERRERA,CACAO,2017,352,352,106,0.3
NARIÑO,52621,ROBERTO PAYAN,CACAO,2017,320,290,44,0.2
NARIÑO,52473,MOSQUERA,CACAO,2017,227,227,45,0.2
NARIÑO,52233,CUMBITARA,CACAO,2017,218,206,103,0.5
NARIÑO,52418,LOS ANDES,CACAO,2017,175,160,128,0.8
NARIÑO,52079,BARBACOAS,CACAO,2017,150,100,25,0.3
NARIÑO,52405,LEIVA,CACAO,2017,150,130,104,0.8
NARIÑO,52256,EL ROSARIO,CACAO,2017,113,112,56,0.5
NARIÑO,52254,EL PEÑOL,CACAO,2017,81,78,39,0.5
NARIÑO,52390,LA TOLA,CACAO,2017,80,80,16,0.2
NARIÑO,52399,LA UNION,CACAO,2017,70,63,32,0.5
NARIÑO,52427,MAGUI PAYAN,CACAO,2017,64,64,12,0.2
NARIÑO,52696,SANTA BARBARA,CACAO,2017,61,41,10,0.3
NARIÑO,52687,SAN LORENZO,CACAO,2017,14,9,5,0.5
NARIÑO,52356,IPIALES,CACAO,2017,13,10,5,0.5
NARIÑO,52411,LINARES,CACAO,2017,8,8,6,0.8
NARIÑO,52612,RICAURTE,CACAO,2017,3,3,1,0.3
NORTE DE SANTANDER,54720,SARDINATA,CACAO,2017,2444,2414,1023,0.4
NORTE DE SANTANDER,54810,TIBU,CACAO,2017,1696,1526,1027,0.7
NORTE DE SANTANDER,54800,TEORAMA,CACAO,2017,1099,571,394,0.7
NORTE DE SANTANDER,54245,EL CARMEN,CACAO,2017,772,752,418,0.6
NORTE DE SANTANDER,54250,EL TARRA,CACAO,2017,699,684,358,0.5
NORTE DE SANTANDER,54206,CONVENCION,CACAO,2017,510,440,211,0.5
NORTE DE SANTANDER,54385,LA ESPERANZA,CACAO,2017,497,497,316,0.6
NORTE DE SANTANDER,54109,BUCARASICA,CACAO,2017,491,459,275,0.6
NORTE DE SANTANDER,54670,SAN CALIXTO,CACAO,2017,487,480,294,0.6
NORTE DE SANTANDER,54344,HACARI,CACAO,2017,447,444,310,0.7
NORTE DE SANTANDER,54261,EL ZULIA,CACAO,2017,335,315,243,0.8
NORTE DE SANTANDER,54001,CUCUTA,CACAO,2017,255,255,152,0.6
NORTE DE SANTANDER,54128,CACHIRA,CACAO,2017,255,241,193,0.8
NORTE DE SANTANDER,54418,LOURDES,CACAO,2017,67,60,31,0.5
NORTE DE SANTANDER,54820,TOLEDO,CACAO,2017,60,45,27,0.6
NORTE DE SANTANDER,54673,SAN CAYETANO,CACAO,2017,50,50,25,0.5
NORTE DE SANTANDER,54003,ABREGO,CACAO,2017,49,48,48,1
NORTE DE SANTANDER,54498,OCAÑA,CACAO,2017,33,33,17,0.5
NORTE DE SANTANDER,54313,GRAMALOTE,CACAO,2017,22,15,5,0.3
NORTE DE SANTANDER,54239,DURANIA,CACAO,2017,11,8,5,0.7
NORTE DE SANTANDER,54680,SANTIAGO,CACAO,2017,11,7,6,0.8
NORTE DE SANTANDER,54051,ARBOLEDAS,CACAO,2017,8,8,4,0.5
NORTE DE SANTANDER,54172,CHINACOTA,CACAO,2017,7,7,5,0.7
NORTE DE SANTANDER,54660,SALAZAR,CACAO,2017,6,4,2,0.5
NORTE DE SANTANDER,54099,BOCHALEMA,CACAO,2017,3,0,0,0
PUTUMAYO,86757,SAN MIGUEL,CACAO,2017,2060,2000,800,0.4
PUTUMAYO,86865,VALLE DEL GUAMUEZ,CACAO,2017,1200,1122,673,0.6
PUTUMAYO,86320,ORITO,CACAO,2017,318,318,159,0.5
PUTUMAYO,86573,PUERTO LEGUIZAMO,CACAO,2017,271,261,157,0.6
PUTUMAYO,86568,PUERTO ASIS,CACAO,2017,259,254,127,0.5
PUTUMAYO,86001,MOCOA,CACAO,2017,205,193,96,0.5
PUTUMAYO,86571,PUERTO GUZMAN,CACAO,2017,108,100,40,0.4
PUTUMAYO,86885,VILLAGARZON,CACAO,2017,84,64,32,0.5
PUTUMAYO,86569,PUERTO CAICEDO,CACAO,2017,20,18,7,0.4
QUINDIO,63401,LA TEBAIDA,CACAO,2017,160,151,197,1.3
QUINDIO,63001,ARMENIA,CACAO,2017,72,70,56,0.8
QUINDIO,63470,MONTENEGRO,CACAO,2017,42,7,4,0.6
QUINDIO,63130,CALARCA,CACAO,2017,26,15,3,0.2
QUINDIO,63212,CORDOBA,CACAO,2017,20,5,5,1
QUINDIO,63111,BUENAVISTA,CACAO,2017,16,6,4,0.6
QUINDIO,63548,PIJAO,CACAO,2017,11,1,1,0.8
QUINDIO,63302,GENOVA,CACAO,2017,8,6,3,0.5
QUINDIO,63594,QUIMBAYA,CACAO,2017,5,5,5,1
RISARALDA,66572,PUEBLO RICO,CACAO,2017,886,886,886,1
RISARALDA,66440,MARSELLA,CACAO,2017,291,281,197,0.7
RISARALDA,66456,MISTRATO,CACAO,2017,219,209,73,0.4
RISARALDA,66075,BALBOA,CACAO,2017,156,156,94,0.6
RISARALDA,66594,QUINCHIA,CACAO,2017,116,94,76,0.8
RISARALDA,66001,PEREIRA,CACAO,2017,38,38,23,0.6
RISARALDA,66088,BELEN DE UMBRIA,CACAO,2017,35,15,12,0.8
RISARALDA,66400,LA VIRGINIA,CACAO,2017,18,13,8,0.6
RISARALDA,66318,GUATICA,CACAO,2017,10,10,8,0.8
RISARALDA,66687,SANTUARIO,CACAO,2017,7,1,0,0.1
SANTANDER,68689,SAN VICENTE DE CHUCURI,CACAO,2017,16879,13080,6540,0.5
SANTANDER,68235,EL CARMEN DE CHUCURI,CACAO,2017,10887,10800,4320,0.4
SANTANDER,68385,LANDAZURI,CACAO,2017,6950,6050,2723,0.5
SANTANDER,68615,RIONEGRO,CACAO,2017,6171,4739,2843,0.6
SANTANDER,68190,CIMITARRA,CACAO,2017,1825,1760,968,0.6
SANTANDER,68406,LEBRIJA,CACAO,2017,1699,1617,970,0.6
SANTANDER,68255,EL PLAYON,CACAO,2017,1315,1245,623,0.5
SANTANDER,68773,SUCRE,CACAO,2017,1275,1130,565,0.5
SANTANDER,68720,SANTA HELENA DEL OPON,CACAO,2017,900,850,340,0.4
SANTANDER,68377,LA BELLEZA,CACAO,2017,850,40,32,0.8
SANTANDER,68271,FLORIAN,CACAO,2017,600,400,240,0.6
SANTANDER,68101,BOLIVAR,CACAO,2017,595,450,225,0.5
SANTANDER,68092,BETULIA,CACAO,2017,485,470,376,0.8
SANTANDER,68397,LA PAZ,CACAO,2017,480,400,240,0.6
SANTANDER,68176,CHIMA,CACAO,2017,395,37,33,0.9
SANTANDER,68307,GIRON,CACAO,2017,370,317,159,0.5
SANTANDER,68001,BUCARAMANGA,CACAO,2017,357,313,157,0.5
SANTANDER,68745,SIMACOTA,CACAO,2017,298,160,112,0.7
SANTANDER,68861,VELEZ,CACAO,2017,290,260,130,0.5
SANTANDER,68250,EL PEÑON,CACAO,2017,274,270,135,0.5
SANTANDER,68322,GUAPOTA,CACAO,2017,235,175,140,0.8
SANTANDER,68320,GUADALUPE,CACAO,2017,227,180,126,0.7
SANTANDER,68179,CHIPATA,CACAO,2017,202,190,95,0.5
SANTANDER,68547,PIEDECUESTA,CACAO,2017,200,160,72,0.5
SANTANDER,68245,EL GUACAMAYO,CACAO,2017,195,160,96,0.6
SANTANDER,68755,SOCORRO,CACAO,2017,185,51,26,0.5
SANTANDER,68296,GALAN,CACAO,2017,175,174,87,0.5
SANTANDER,68524,PALMAS DEL SOCORRO,CACAO,2017,155,105,63,0.6
SANTANDER,68655,SABANA DE TORRES,CACAO,2017,154,126,63,0.5
SANTANDER,68081,BARRANCABERMEJA,CACAO,2017,147,126,63,0.5
SANTANDER,68533,PARAMO,CACAO,2017,105,85,77,0.9
SANTANDER,68498,OCAMONTE,CACAO,2017,90,80,40,0.5
SANTANDER,68573,PUERTO PARRA,CACAO,2017,84,80,32,0.4
SANTANDER,68344,HATO,CACAO,2017,73,59,47,0.8
SANTANDER,68211,CONTRATACION,CACAO,2017,62,59,35,0.6
SANTANDER,68444,MATANZA,CACAO,2017,38,36,21,0.6
SANTANDER,68276,FLORIDABLANCA,CACAO,2017,35,35,28,0.8
SANTANDER,68895,ZAPATOCA,CACAO,2017,33,23,12,0.5
SANTANDER,68229,CURITI,CACAO,2017,29,5,3,0.5
SANTANDER,68500,OIBA,CACAO,2017,21,18,18,1
SANTANDER,68855,VALLE DE SAN JOSE,CACAO,2017,17,11,3,0.3
SANTANDER,68522,PALMAR,CACAO,2017,17,17,9,0.5
SANTANDER,68160,CEPITA,CACAO,2017,12,2,1,0.3
SANTANDER,68705,SANTA BARBARA,CACAO,2017,10,0,0,0
SUCRE,70429,MAJAGUAL,CACAO,2017,140,110,66,0.6
SUCRE,70713,SAN ONOFRE,CACAO,2017,52,52,26,0.5
SUCRE,70204,COLOSO,CACAO,2017,49,4,2,0.5
SUCRE,70508,OVEJAS,CACAO,2017,45,25,20,0.8
SUCRE,70265,GUARANDA,CACAO,2017,41,25,18,0.7
SUCRE,70230,CHALAN,CACAO,2017,27,27,21,0.8
SUCRE,70473,MORROA,CACAO,2017,26,0,0,0
SUCRE,70708,SAN MARCOS,CACAO,2017,22,8,5,0.6
TOLIMA,73168,CHAPARRAL,CACAO,2017,1920,1800,810,0.5
TOLIMA,73067,ATACO,CACAO,2017,1850,1850,925,0.5
TOLIMA,73616,RIOBLANCO,CACAO,2017,800,625,375,0.6
TOLIMA,73555,PLANADAS,CACAO,2017,715,565,283,0.5
TOLIMA,73449,MELGAR,CACAO,2017,612,604,302,0.5
TOLIMA,73226,CUNDAY,CACAO,2017,570,400,200,0.5
TOLIMA,73270,FALAN,CACAO,2017,555,555,278,0.5
TOLIMA,73408,LERIDA,CACAO,2017,548,420,273,0.7
TOLIMA,73443,MARIQUITA,CACAO,2017,542,520,312,0.6
TOLIMA,73563,PRADO,CACAO,2017,527,482,241,0.5
TOLIMA,73283,FRESNO,CACAO,2017,459,400,200,0.5
TOLIMA,73675,SAN ANTONIO,CACAO,2017,329,314,157,0.5
TOLIMA,73624,ROVIRA,CACAO,2017,312,302,151,0.5
TOLIMA,73026,ALVARADO,CACAO,2017,308,292,117,0.4
TOLIMA,73411,LIBANO,CACAO,2017,305,252,126,0.5
TOLIMA,73520,PALOCABILDO,CACAO,2017,302,282,141,0.5
TOLIMA,73504,ORTEGA,CACAO,2017,296,267,134,0.5
TOLIMA,73585,PURIFICACION,CACAO,2017,287,267,160,0.6
TOLIMA,73861,VENADILLO,CACAO,2017,250,250,150,0.6
TOLIMA,73001,IBAGUE,CACAO,2017,221,221,99,0.5
TOLIMA,73873,VILLARRICA,CACAO,2017,218,218,109,0.5
TOLIMA,73055,ARMERO (GUAYABAL),CACAO,2017,160,150,75,0.5
TOLIMA,73319,GUAMO,CACAO,2017,153,133,67,0.5
TOLIMA,73148,CARMEN DE APICALA,CACAO,2017,137,133,77,0.6
TOLIMA,73352,ICONONZO,CACAO,2017,120,120,60,0.5
TOLIMA,73152,CASABIANCA,CACAO,2017,92,87,44,0.5
TOLIMA,73236,DOLORES,CACAO,2017,83,70,35,0.5
TOLIMA,73024,ALPUJARRA,CACAO,2017,73,73,37,0.5
TOLIMA,73678,SAN LUIS,CACAO,2017,65,65,39,0.6
TOLIMA,73043,ANZOATEGUI,CACAO,2017,56,44,22,0.5
TOLIMA,73217,COYAIMA,CACAO,2017,50,48,19,0.4
TOLIMA,73854,VALLE DE SAN JUAN,CACAO,2017,43,35,18,0.5
TOLIMA,73483,NATAGAIMA,CACAO,2017,29,25,15,0.6
TOLIMA,73870,VILLAHERMOSA,CACAO,2017,23,23,12,0.5
VALLE DEL CAUCA,76233,DAGUA,CACAO,2017,330,315,158,0.5
VALLE DEL CAUCA,76364,JAMUNDI,CACAO,2017,268,265,144,0.5
VALLE DEL CAUCA,76100,BOLIVAR,CACAO,2017,212,191,115,0.6
VALLE DEL CAUCA,76113,BUGALAGRANDE,CACAO,2017,92,86,69,0.8
VALLE DEL CAUCA,76109,BUENAVENTURA,CACAO,2017,90,28,17,0.6
VALLE DEL CAUCA,76616,RIOFRIO,CACAO,2017,85,66,26,0.4
VALLE DEL CAUCA,76122,CAICEDONIA,CACAO,2017,63,47,28,0.6
VALLE DEL CAUCA,76403,LA VICTORIA,CACAO,2017,42,40,20,0.5
VALLE DEL CAUCA,76834,TULUA,CACAO,2017,37,36,36,1
VALLE DEL CAUCA,76250,EL DOVIO,CACAO,2017,34,18,7,0.4
VALLE DEL CAUCA,76497,OBANDO,CACAO,2017,34,30,15,0.5
VALLE DEL CAUCA,76036,ANDALUCIA,CACAO,2017,30,10,5,0.5
VALLE DEL CAUCA,76828,TRUJILLO,CACAO,2017,29,21,10,0.5
VALLE DEL CAUCA,76041,ANSERMANUEVO,CACAO,2017,26,24,12,0.5
VALLE DEL CAUCA,76243,EL AGUILA,CACAO,2017,20,20,16,0.8
VALLE DEL CAUCA,76736,SEVILLA,CACAO,2017,18,12,10,0.8
VALLE DEL CAUCA,76275,FLORIDA,CACAO,2017,16,16,10,0.6
VALLE DEL CAUCA,76020,ALCALA,CACAO,2017,15,0,0,0
VALLE DEL CAUCA,76863,VERSALLES,CACAO,2017,14,9,7,0.8
VALLE DEL CAUCA,76622,ROLDANILLO,CACAO,2017,11,11,6,0.5
VALLE DEL CAUCA,76147,CARTAGO,CACAO,2017,11,1,1,0.8
VALLE DEL CAUCA,76823,TORO,CACAO,2017,10,9,9,1
VALLE DEL CAUCA,76520,PALMIRA,CACAO,2017,8,3,2,0.8
VALLE DEL CAUCA,76845,ULLOA,CACAO,2017,6,0,0,0
VALLE DEL CAUCA,76895,ZARZAL,CACAO,2017,6,6,3,0.6
VALLE DEL CAUCA,76111,BUGA,CACAO,2017,5,5,8,1.5
VALLE DEL CAUCA,76400,LA UNION,CACAO,2017,3,3,1,0.4
VALLE DEL CAUCA,76130,CANDELARIA,CACAO,2017,3,2,2,0.8
VALLE DEL CAUCA,76318,GUACARI,CACAO,2017,3,2,2,1
VALLE DEL CAUCA,76054,ARGELIA,CACAO,2017,3,3,1,0.4
VALLE DEL CAUCA,76126,CALIMA EL DARIEN,CACAO,2017,2,2,1,0.4
VALLE DEL CAUCA,76892,YUMBO,CACAO,2017,0,0,0,0
VAUPES,97161,CARURU,CACAO,2017,30,10,4,0.4
VICHADA,99624,SANTA ROSALIA,CACAO,2017,820,700,350,0.5
VICHADA,99773,CUMARIBO,CACAO,2017,180,140,70,0.5
VICHADA,99524,LA PRIMAVERA,CACAO,2017,22,22,4,0.2
VAUPES,97161,CARURU,CACAO,2016,30,0,0,0
AMAZONAS,91540,PUERTO NARIÑO,CACAO,2016,29,29,15,0.5
AMAZONAS,91001,LETICIA,CACAO,2016,8,6,2,0.4
ANTIOQUIA,5837,TURBO,CACAO,2016,2476,1761,881,0.5
ANTIOQUIA,5120,CACERES,CACAO,2016,1844,800,640,0.8
ANTIOQUIA,5490,NECOCLI,CACAO,2016,1786,1054,527,0.5
ANTIOQUIA,5045,APARTADO,CACAO,2016,1744,1404,702,0.5
ANTIOQUIA,5425,MACEO,CACAO,2016,1580,1380,828,0.6
ANTIOQUIA,5858,VEGACHI,CACAO,2016,848,818,491,0.6
ANTIOQUIA,5790,TARAZA,CACAO,2016,780,400,240,0.6
ANTIOQUIA,5031,AMALFI,CACAO,2016,707,668,334,0.5
ANTIOQUIA,5172,CHIGORODO,CACAO,2016,648,383,230,0.6
ANTIOQUIA,5885,YALI,CACAO,2016,623,581,407,0.7
ANTIOQUIA,5854,VALDIVIA,CACAO,2016,602,368,184,0.5
ANTIOQUIA,5665,SAN PEDRO DE URABA,CACAO,2016,515,317,159,0.5
ANTIOQUIA,5147,CAREPA,CACAO,2016,494,294,206,0.7
ANTIOQUIA,5142,CARACOLI,CACAO,2016,450,427,299,0.7
ANTIOQUIA,5483,NARIÑO,CACAO,2016,407,367,220,0.6
ANTIOQUIA,5659,SAN JUAN DE URABA,CACAO,2016,390,390,312,0.8
ANTIOQUIA,5250,EL BAGRE,CACAO,2016,324,263,158,0.6
ANTIOQUIA,5652,SAN FRANCISCO,CACAO,2016,306,281,197,0.7
ANTIOQUIA,5361,ITUANGO,CACAO,2016,290,265,212,0.8
ANTIOQUIA,5895,ZARAGOZA,CACAO,2016,287,118,71,0.6
ANTIOQUIA,5234,DABEIBA,CACAO,2016,284,261,183,0.7
ANTIOQUIA,5660,SAN LUIS,CACAO,2016,279,236,94,0.4
ANTIOQUIA,5604,REMEDIOS,CACAO,2016,265,215,129,0.6
ANTIOQUIA,5051,ARBOLETES,CACAO,2016,245,245,147,0.6
ANTIOQUIA,5670,SAN ROQUE,CACAO,2016,242,52,26,0.5
ANTIOQUIA,5040,ANORI,CACAO,2016,230,195,117,0.6
ANTIOQUIA,5649,SAN CARLOS,CACAO,2016,214,141,85,0.6
ANTIOQUIA,5789,TAMESIS,CACAO,2016,192,182,109,0.6
ANTIOQUIA,5579,PUERTO BERRIO,CACAO,2016,178,178,71,0.4
ANTIOQUIA,5736,SEGOVIA,CACAO,2016,166,151,60,0.4
ANTIOQUIA,5890,YOLOMBO,CACAO,2016,164,118,71,0.6
ANTIOQUIA,5585,PUERTO NARE,CACAO,2016,160,146,70,0.5
ANTIOQUIA,5154,CAUCASIA,CACAO,2016,136,0,0,0
ANTIOQUIA,5842,URAMITA,CACAO,2016,136,125,75,0.6
ANTIOQUIA,5893,YONDO,CACAO,2016,121,66,33,0.5
ANTIOQUIA,5679,SANTA BARBARA,CACAO,2016,110,86,43,0.5
ANTIOQUIA,5756,SONSON,CACAO,2016,95,75,45,0.6
ANTIOQUIA,5138,CAÑASGORDAS,CACAO,2016,94,78,31,0.4
ANTIOQUIA,5591,PUERTO TRIUNFO,CACAO,2016,90,80,40,0.5
ANTIOQUIA,5495,NECHI,CACAO,2016,80,10,3,0.3
ANTIOQUIA,5315,GUADALUPE,CACAO,2016,73,43,43,1
ANTIOQUIA,5284,FRONTINO,CACAO,2016,60,40,16,0.4
ANTIOQUIA,5197,COCORNA,CACAO,2016,55,45,23,0.5
ANTIOQUIA,5690,SANTO DOMINGO,CACAO,2016,54,54,38,0.7
ANTIOQUIA,5647,SAN ANDRES,CACAO,2016,51,47,9,0.2
ANTIOQUIA,5055,ARGELIA,CACAO,2016,50,10,5,0.5
ANTIOQUIA,5134,CAMPAMENTO,CACAO,2016,46,46,18,0.4
ANTIOQUIA,5887,YARUMAL,CACAO,2016,45,0,0,0
ANTIOQUIA,5792,TARSO,CACAO,2016,43,38,23,0.6
ANTIOQUIA,5480,MUTATA,CACAO,2016,41,41,29,0.7
ANTIOQUIA,5240,EBEJICO,CACAO,2016,40,40,20,0.5
ANTIOQUIA,5667,SAN RAFAEL,CACAO,2016,37,17,14,0.8
ANTIOQUIA,5107,BRICEÑO,CACAO,2016,32,25,15,0.6
ANTIOQUIA,5809,TITIRIBI,CACAO,2016,22,14,11,0.8
ANTIOQUIA,5113,BURITICA,CACAO,2016,13,13,8,0.6
ANTIOQUIA,5819,TOLEDO,CACAO,2016,13,13,8,0.6
ANTIOQUIA,5093,BETULIA,CACAO,2016,7,7,3,0.4
ANTIOQUIA,5856,VALPARAISO,CACAO,2016,6,6,2,0.3
ANTIOQUIA,5002,ABEJORRAL,CACAO,2016,5,5,2,0.4
ANTIOQUIA,5190,CISNEROS,CACAO,2016,5,5,4,0.8
ANTIOQUIA,5686,SANTA ROSA DE OSOS,CACAO,2016,3,1,1,0.7
ANTIOQUIA,5628,SABANALARGA,CACAO,2016,2,2,1,0.5
ANTIOQUIA,5347,HELICONIA,CACAO,2016,2,2,2,1
ARAUCA,81065,ARAUQUITA,CACAO,2016,6690,4990,2994,0.6
ARAUCA,81736,SARAVENA,CACAO,2016,4022,2996,1798,0.6
ARAUCA,81794,TAME,CACAO,2016,3854,3000,1800,0.6
ARAUCA,81300,FORTUL,CACAO,2016,2224,1102,661,0.6
ARAUCA,81001,ARAUCA,CACAO,2016,1147,975,585,0.6
ARAUCA,81591,PUERTO RONDON,CACAO,2016,48,0,0,0
ARAUCA,81220,CRAVO NORTE,CACAO,2016,8,0,0,0
BOLIVAR,13688,SANTA ROSA DEL SUR,CACAO,2016,3490,3180,1272,0.4
BOLIVAR,13670,SAN PABLO,CACAO,2016,1350,897,314,0.4
BOLIVAR,13744,SIMITI,CACAO,2016,1005,655,262,0.4
BOLIVAR,13160,CANTAGALLO,CACAO,2016,767,324,139,0.4
BOLIVAR,13244,EL CARMEN DE BOLIVAR,CACAO,2016,470,194,78,0.4
BOLIVAR,13001,CARTAGENA DE INDIAS,CACAO,2016,240,240,96,0.4
BOLIVAR,13549,PINILLOS,CACAO,2016,216,216,93,0.4
BOLIVAR,13654,SAN JACINTO,CACAO,2016,190,130,52,0.4
BOLIVAR,13473,MORALES,CACAO,2016,140,79,32,0.4
BOLIVAR,13042,ARENAL,CACAO,2016,120,120,48,0.4
BOLIVAR,13657,SAN JUAN NEPOMUCENO,CACAO,2016,88,18,7,0.4
BOLIVAR,13810,TIQUISIO,CACAO,2016,87,80,40,0.5
BOLIVAR,13074,BARRANCO DE LOBA,CACAO,2016,46,10,4,0.4
BOLIVAR,13490,NOROSI,CACAO,2016,40,32,13,0.4
BOLIVAR,13006,ACHÍ,CACAO,2016,35,35,18,0.5
BOLIVAR,13667,SAN MARTIN DE LOBA,CACAO,2016,30,0,0,0
BOLIVAR,13442,MARIA LA BAJA,CACAO,2016,30,30,15,0.5
BOLIVAR,13030,ALTOS DEL ROSARIO,CACAO,2016,20,20,8,0.4
BOLIVAR,13458,MONTECRISTO,CACAO,2016,20,20,10,0.5
BOLIVAR,13655,SAN JACINTO DEL CAUCA,CACAO,2016,15,15,8,0.5
BOYACA,15480,MUZO,CACAO,2016,835,800,320,0.4
BOYACA,15531,PAUNA,CACAO,2016,793,483,242,0.5
BOYACA,15507,OTANCHE,CACAO,2016,765,665,399,0.6
BOYACA,15681,SAN PABLO DE BORBUR,CACAO,2016,728,623,249,0.4
BOYACA,15442,MARIPI,CACAO,2016,652,570,285,0.5
BOYACA,15580,QUIPAMA,CACAO,2016,550,430,258,0.6
BOYACA,15572,PUERTO BOYACA,CACAO,2016,420,350,175,0.5
BOYACA,15212,COPER,CACAO,2016,238,120,60,0.5
BOYACA,15223,CUBARA,CACAO,2016,99,69,55,0.8
BOYACA,15667,SAN LUIS DE GACENO,CACAO,2016,69,15,9,0.6
BOYACA,15109,BUENAVISTA,CACAO,2016,64,11,7,0.7
BOYACA,15401,LA VICTORIA,CACAO,2016,51,35,25,0.7
BOYACA,15690,SANTA MARIA,CACAO,2016,45,30,15,0.5
BOYACA,15135,CAMPOHERMOSO,CACAO,2016,35,15,8,0.5
BOYACA,15686,SANTANA,CACAO,2016,32,20,8,0.4
BOYACA,15514,PAEZ,CACAO,2016,26,26,18,0.7
BOYACA,15377,LABRANZAGRANDE,CACAO,2016,20,15,6,0.4
BOYACA,15533,PAYA,CACAO,2016,14,12,4,0.3
BOYACA,15455,MIRAFLORES,CACAO,2016,10,10,4,0.4
BOYACA,15832,TUNUNGUA,CACAO,2016,10,10,10,1
BOYACA,15090,BERBEO,CACAO,2016,3,0,0,0
CALDAS,17662,SAMANA,CACAO,2016,1389,829,415,0.5
CALDAS,17088,BELALCAZAR,CACAO,2016,705,114,57,0.5
CALDAS,17867,VICTORIA,CACAO,2016,580,448,224,0.5
CALDAS,17042,ANSERMA,CACAO,2016,509,449,221,0.5
CALDAS,17495,NORCASIA,CACAO,2016,453,400,240,0.6
CALDAS,17541,PENSILVANIA,CACAO,2016,91,20,9,0.5
CALDAS,17444,MARQUETALIA,CACAO,2016,89,79,59,0.8
CALDAS,17486,NEIRA,CACAO,2016,87,87,61,0.7
CALDAS,17524,PALESTINA,CACAO,2016,82,63,44,0.7
CALDAS,17616,RISARALDA,CACAO,2016,80,20,12,0.6
CALDAS,17665,SAN JOSE,CACAO,2016,60,41,21,0.5
CALDAS,17380,LA DORADA,CACAO,2016,55,10,5,0.5
CALDAS,17877,VITERBO,CACAO,2016,43,20,14,0.7
CALDAS,17777,SUPIA,CACAO,2016,39,30,15,0.5
CALDAS,17614,RIOSUCIO,CACAO,2016,18,15,11,0.7
CALDAS,17388,LA MERCED,CACAO,2016,14,6,3,0.5
CALDAS,17174,CHINCHINA,CACAO,2016,10,10,6,0.6
CAQUETA,18610,SAN JOSE DEL FRAGUA,CACAO,2016,860,100,40,0.4
CAQUETA,18460,MILAN,CACAO,2016,616,125,50,0.4
CAQUETA,18150,CARTAGENA DEL CHAIRA,CACAO,2016,544,200,80,0.4
CAQUETA,18247,EL DONCELLO,CACAO,2016,500,300,150,0.5
CAQUETA,18756,SOLANO,CACAO,2016,350,60,24,0.4
CAQUETA,18753,SAN VICENTE DEL CAGUAN,CACAO,2016,320,170,68,0.4
CAQUETA,18256,EL PAUJIL,CACAO,2016,310,82,33,0.4
CAQUETA,18094,BELEN DE LOS ANDAQUIES,CACAO,2016,261,50,20,0.4
CAQUETA,18785,SOLITA,CACAO,2016,222,40,16,0.4
CAQUETA,18205,CURILLO,CACAO,2016,148,10,2,0.2
CAQUETA,18001,FLORENCIA,CACAO,2016,139,94,38,0.4
CAQUETA,18410,MONTAÑITA,CACAO,2016,116,50,20,0.4
CAQUETA,18860,VALPARAISO,CACAO,2016,90,33,13,0.4
CAQUETA,18592,PUERTO RICO,CACAO,2016,85,85,34,0.4
CAQUETA,18029,ALBANIA,CACAO,2016,30,4,2,0.4
CAQUETA,18479,MORELIA,CACAO,2016,7,4,2,0.4
CASANARE,85225,NUNCHIA,CACAO,2016,315,300,150,0.5
CASANARE,85400,TAMARA,CACAO,2016,250,45,18,0.4
CASANARE,85410,TAURAMENA,CACAO,2016,157,115,46,0.4
CASANARE,85001,YOPAL,CACAO,2016,140,122,73,0.6
CASANARE,85125,HATO COROZAL,CACAO,2016,124,56,34,0.6
CASANARE,85139,MANI,CACAO,2016,100,63,32,0.5
CASANARE,85440,VILLANUEVA,CACAO,2016,95,85,43,0.5
CASANARE,85263,PORE,CACAO,2016,80,60,24,0.4
CASANARE,85010,AGUAZUL,CACAO,2016,67,67,34,0.5
CASANARE,85325,SAN LUIS DE PALENQUE,CACAO,2016,57,5,3,0.5
CASANARE,85250,PAZ DE ARIPORO,CACAO,2016,45,20,12,0.6
CASANARE,85430,TRINIDAD,CACAO,2016,38,38,19,0.5
CASANARE,85162,MONTERREY,CACAO,2016,37,2,1,0.4
CASANARE,85279,RECETOR,CACAO,2016,32,32,16,0.5
CASANARE,85300,SABANALARGA,CACAO,2016,24,6,3,0.5
CASANARE,85230,OROCUE,CACAO,2016,14,9,4,0.4
CASANARE,85015,CHAMEZA,CACAO,2016,4,4,2,0.6
CASANARE,85315,SACAMA,CACAO,2016,2,1,0,0.4
CAUCA,19256,EL TAMBO,CACAO,2016,770,150,75,0.5
CAUCA,19450,MERCADERES,CACAO,2016,289,236,118,0.5
CAUCA,19533,PIAMONTE,CACAO,2016,270,120,48,0.4
CAUCA,19701,SANTA ROSA,CACAO,2016,256,21,11,0.5
CAUCA,19807,TIMBIO,CACAO,2016,194,0,0,0
CAUCA,19780,SUAREZ,CACAO,2016,171,0,0,0
CAUCA,19300,GUACHENE,CACAO,2016,160,140,56,0.4
CAUCA,19418,LOPEZ DE MICAY,CACAO,2016,120,50,25,0.5
CAUCA,19075,BALBOA,CACAO,2016,112,30,15,0.5
CAUCA,19455,MIRANDA,CACAO,2016,103,101,51,0.5
CAUCA,19100,BOLIVAR,CACAO,2016,102,90,54,0.6
CAUCA,19532,PATIA,CACAO,2016,98,14,8,0.6
CAUCA,19050,ARGELIA,CACAO,2016,96,95,48,0.5
CAUCA,19142,CALOTO,CACAO,2016,94,56,34,0.6
CAUCA,19130,CAJIBIO,CACAO,2016,88,0,0,0
CAUCA,19845,VILLA RICA,CACAO,2016,66,63,38,0.6
CAUCA,19785,SUCRE,CACAO,2016,51,5,3,0.6
CAUCA,19622,ROSAS,CACAO,2016,50,0,0,0
CAUCA,19573,PUERTO TEJADA,CACAO,2016,46,46,23,0.5
CAUCA,19290,FLORENCIA,CACAO,2016,38,2,1,0.5
CAUCA,19513,PADILLA,CACAO,2016,11,6,2,0.4
CESAR,20570,PUEBLO BELLO,CACAO,2016,953,953,477,0.5
CESAR,20710,SAN ALBERTO,CACAO,2016,938,938,375,0.4
CESAR,20621,LA PAZ,CACAO,2016,810,710,284,0.4
CESAR,20400,LA JAGUA DE IBIRICO,CACAO,2016,801,770,308,0.4
CESAR,20013,AGUSTIN CODAZZI,CACAO,2016,784,721,288,0.4
CESAR,20001,VALLEDUPAR,CACAO,2016,760,760,380,0.5
CESAR,20228,CURUMANI,CACAO,2016,300,300,120,0.4
CESAR,20238,EL COPEY,CACAO,2016,230,210,84,0.4
CESAR,20517,PAILITAS,CACAO,2016,193,94,56,0.6
CESAR,20443,MANAURE,CACAO,2016,187,187,112,0.6
CESAR,20770,SAN MARTIN,CACAO,2016,150,150,60,0.4
CESAR,20750,SAN DIEGO,CACAO,2016,96,96,38,0.4
CESAR,20045,BECERRIL,CACAO,2016,93,47,24,0.5
CESAR,20011,AGUACHICA,CACAO,2016,86,86,34,0.4
CESAR,20614,RIO DE ORO,CACAO,2016,85,60,30,0.5
CESAR,20178,CHIRIGUANA,CACAO,2016,30,30,15,0.5
CESAR,20175,CHIMICHAGUA,CACAO,2016,28,20,8,0.4
CESAR,20383,LA GLORIA,CACAO,2016,18,18,7,0.4
CESAR,20550,PELAYA,CACAO,2016,8,4,2,0.4
CHOCO,27430,MEDIO BAUDO,CACAO,2016,697,657,263,0.4
CHOCO,27615,RIOSUCIO,CACAO,2016,689,669,335,0.5
CHOCO,27001,QUIBDO,CACAO,2016,550,350,140,0.4
CHOCO,27660,SAN JOSE DEL PALMAR,CACAO,2016,541,526,184,0.4
CHOCO,27099,BOJAYA,CACAO,2016,534,467,187,0.4
CHOCO,27150,CARMEN DEL DARIEN,CACAO,2016,520,520,208,0.4
CHOCO,27800,UNGUIA,CACAO,2016,481,411,164,0.4
CHOCO,27006,ACANDI,CACAO,2016,359,331,166,0.5
CHOCO,27787,TADO,CACAO,2016,354,191,57,0.3
CHOCO,27025,ALTO BAUDO,CACAO,2016,202,142,43,0.3
CHOCO,27077,BAJO BAUDO,CACAO,2016,161,5,2,0.3
CHOCO,27450,MEDIO SAN JUAN,CACAO,2016,140,20,6,0.3
CHOCO,27361,ISTMINA,CACAO,2016,109,30,15,0.5
CHOCO,27600,RIO QUITO,CACAO,2016,93,50,20,0.4
CHOCO,27491,NOVITA,CACAO,2016,90,45,20,0.5
CHOCO,27205,CONDOTO,CACAO,2016,55,43,13,0.3
CHOCO,27495,NUQUI,CACAO,2016,31,26,8,0.3
CHOCO,27050,ATRATO,CACAO,2016,28,7,3,0.4
CHOCO,27135,EL CANTON DEL SAN PABLO,CACAO,2016,27,22,9,0.4
CHOCO,27580,RIO IRO,CACAO,2016,11,8,3,0.4
CHOCO,27075,BAHIA SOLANO,CACAO,2016,9,7,3,0.4
CHOCO,27073,BAGADO,CACAO,2016,8,6,1,0.1
CHOCO,27160,CERTEGUI,CACAO,2016,7,2,1,0.3
CHOCO,27810,UNION PANAMERICANA,CACAO,2016,6,2,1,0.4
CHOCO,27245,CARMEN DEL ATRATO,CACAO,2016,6,5,2,0.3
CORDOBA,23807,TIERRALTA,CACAO,2016,1195,800,400,0.5
CORDOBA,23855,VALENCIA,CACAO,2016,625,534,360,0.7
CORDOBA,23580,PUERTO LIBERTADOR,CACAO,2016,375,205,103,0.5
CORDOBA,23466,MONTELIBANO,CACAO,2016,340,240,144,0.6
CORDOBA,23419,LOS CORDOBAS,CACAO,2016,238,202,202,1
CORDOBA,23090,CANALETE,CACAO,2016,170,25,13,0.5
CORDOBA,23682,SAN JOSE DE URE,CACAO,2016,75,75,45,0.6
CORDOBA,23189,CIENAGA DE ORO,CACAO,2016,14,14,10,0.7
CORDOBA,23001,MONTERIA,CACAO,2016,13,13,13,1
CORDOBA,23350,LA APARTADA,CACAO,2016,5,0,0,0
CUNDINAMARCA,25885,YACOPI,CACAO,2016,2546,2296,918,0.4
CUNDINAMARCA,25148,CAPARRAPI,CACAO,2016,1394,1263,1137,0.9
CUNDINAMARCA,25518,PAIME,CACAO,2016,427,365,219,0.6
CUNDINAMARCA,25488,NILO,CACAO,2016,325,279,111,0.4
CUNDINAMARCA,25878,VIOTA,CACAO,2016,303,271,163,0.6
CUNDINAMARCA,25862,VERGARA,CACAO,2016,196,146,88,0.6
CUNDINAMARCA,25258,EL PEÑON,CACAO,2016,160,130,91,0.7
CUNDINAMARCA,25438,MEDINA,CACAO,2016,127,80,80,1
CUNDINAMARCA,25839,UBALA,CACAO,2016,122,104,94,0.9
CUNDINAMARCA,25823,TOPAIPI,CACAO,2016,101,51,20,0.4
CUNDINAMARCA,25394,LA PALMA,CACAO,2016,84,67,67,1
CUNDINAMARCA,25815,TOCAIMA,CACAO,2016,72,22,18,0.8
CUNDINAMARCA,25491,NOCAIMA,CACAO,2016,70,50,45,0.9
CUNDINAMARCA,25718,SASAIMA,CACAO,2016,68,57,29,0.5
CUNDINAMARCA,25168,CHAGUANI,CACAO,2016,60,36,25,0.7
CUNDINAMARCA,25035,ANAPOIMA,CACAO,2016,53,52,52,1
CUNDINAMARCA,25320,GUADUAS,CACAO,2016,52,50,60,1.2
CUNDINAMARCA,25662,SAN JUAN DE RIOSECO,CACAO,2016,43,32,13,0.4
CUNDINAMARCA,25580,PULI,CACAO,2016,40,38,38,1
CUNDINAMARCA,25245,EL COLEGIO,CACAO,2016,32,13,6,0.5
CUNDINAMARCA,25368,JERUSALEN,CACAO,2016,29,29,15,0.5
CUNDINAMARCA,25402,LA VEGA,CACAO,2016,25,25,10,0.4
CUNDINAMARCA,25592,QUEBRADANEGRA,CACAO,2016,17,2,1,0.5
CUNDINAMARCA,25489,NIMAIMA,CACAO,2016,17,17,7,0.4
CUNDINAMARCA,25053,ARBELAEZ,CACAO,2016,15,10,10,1
CUNDINAMARCA,25572,PUERTO SALGAR,CACAO,2016,12,12,6,0.5
CUNDINAMARCA,25530,PARATEBUENO,CACAO,2016,10,8,3,0.4
CUNDINAMARCA,25875,VILLETA,CACAO,2016,4,4,4,1
CUNDINAMARCA,25001,AGUA DE DIOS,CACAO,2016,3,3,3,1
GUAINIA,94343,BARRANCO MINA,CACAO,2016,1179,165,66,0.4
GUAINIA,94001,INIRIDA,CACAO,2016,85,33,13,0.4
GUAVIARE,95001,SAN JOSE DEL GUAVIARE,CACAO,2016,470,282,141,0.5
GUAVIARE,95025,EL RETORNO,CACAO,2016,405,243,122,0.5
GUAVIARE,95015,CALAMAR,CACAO,2016,191,120,60,0.5
GUAVIARE,95200,MIRAFLORES,CACAO,2016,127,76,38,0.5
HUILA,41615,RIVERA,CACAO,2016,909,855,561,0.7
HUILA,41799,TELLO,CACAO,2016,547,479,294,0.6
HUILA,41001,NEIVA,CACAO,2016,484,454,289,0.6
HUILA,41132,CAMPOALEGRE,CACAO,2016,480,430,302,0.7
HUILA,41306,GIGANTE,CACAO,2016,440,366,246,0.7
HUILA,41020,ALGECIRAS,CACAO,2016,399,369,292,0.8
HUILA,41396,LA PLATA,CACAO,2016,371,327,208,0.6
HUILA,41797,TESALIA,CACAO,2016,342,299,191,0.6
HUILA,41078,BARAYA,CACAO,2016,335,292,172,0.6
HUILA,41206,COLOMBIA,CACAO,2016,296,259,141,0.5
HUILA,41791,TARQUI,CACAO,2016,289,261,173,0.7
HUILA,41518,PAICOL,CACAO,2016,267,244,155,0.6
HUILA,41524,PALERMO,CACAO,2016,251,198,135,0.7
HUILA,41013,AGRADO,CACAO,2016,208,173,117,0.7
HUILA,41357,IQUIRA,CACAO,2016,200,174,107,0.6
HUILA,41801,TERUEL,CACAO,2016,163,145,84,0.6
HUILA,41548,PITAL,CACAO,2016,151,138,80,0.6
HUILA,41244,ELIAS,CACAO,2016,134,122,66,0.5
HUILA,41676,SANTA MARIA,CACAO,2016,131,121,71,0.6
HUILA,41483,NATAGA,CACAO,2016,113,107,66,0.6
HUILA,41298,GARZON,CACAO,2016,107,64,60,0.9
HUILA,41319,GUADALUPE,CACAO,2016,98,73,47,0.6
HUILA,41349,HOBO,CACAO,2016,92,89,53,0.6
HUILA,41770,SUAZA,CACAO,2016,90,81,47,0.6
HUILA,41660,SALADOBLANCO,CACAO,2016,76,66,36,0.6
HUILA,41503,OPORAPA,CACAO,2016,68,52,31,0.6
HUILA,41885,YAGUARA,CACAO,2016,61,52,29,0.6
HUILA,41551,PITALITO,CACAO,2016,60,57,30,0.5
HUILA,41016,AIPE,CACAO,2016,45,43,26,0.6
HUILA,41359,ISNOS,CACAO,2016,31,31,15,0.5
HUILA,41807,TIMANA,CACAO,2016,28,23,13,0.5
HUILA,41872,VILLAVIEJA,CACAO,2016,27,19,12,0.6
HUILA,41006,ACEVEDO,CACAO,2016,12,12,6,0.5
HUILA,41026,ALTAMIRA,CACAO,2016,9,7,4,0.6
HUILA,41530,PALESTINA,CACAO,2016,6,6,3,0.5
HUILA,41668,SAN AGUSTIN,CACAO,2016,3,3,2,0.5
LA GUAJIRA,44090,DIBULLA,CACAO,2016,333,313,188,0.6
LA GUAJIRA,44855,URUMITA,CACAO,2016,230,190,114,0.6
LA GUAJIRA,44420,LA JAGUA DEL PILAR,CACAO,2016,38,38,19,0.5
LA GUAJIRA,44110,EL MOLINO,CACAO,2016,28,28,17,0.6
LA GUAJIRA,44874,VILLANUEVA,CACAO,2016,11,9,5,0.5
LA GUAJIRA,44078,BARRANCAS,CACAO,2016,6,6,3,0.5
LA GUAJIRA,44279,FONSECA,CACAO,2016,2,1,1,0.6
LA GUAJIRA,44098,DISTRACCION,CACAO,2016,1,1,1,0.6
MAGDALENA,47001,SANTA MARTA,CACAO,2016,1340,990,396,0.4
MAGDALENA,47288,FUNDACION,CACAO,2016,344,179,72,0.4
MAGDALENA,47189,CIENAGA,CACAO,2016,333,202,61,0.3
MAGDALENA,47053,ARACATACA,CACAO,2016,314,305,122,0.4
MAGDALENA,47980,ZONA BANANERA,CACAO,2016,54,54,22,0.4
MAGDALENA,47268,EL RETEN,CACAO,2016,17,17,7,0.4
META,50711,VISTA HERMOSA,CACAO,2016,2450,992,893,0.9
META,50270,EL DORADO,CACAO,2016,1050,157,79,0.5
META,50251,EL CASTILLO,CACAO,2016,970,470,282,0.6
META,50313,GRANADA,CACAO,2016,724,680,408,0.6
META,50400,LEJANIAS,CACAO,2016,604,262,157,0.6
META,50590,PUERTO RICO,CACAO,2016,515,275,165,0.6
META,50370,LA URIBE,CACAO,2016,491,193,116,0.6
META,50318,GUAMAL,CACAO,2016,420,170,102,0.6
META,50330,MESETAS,CACAO,2016,404,182,109,0.6
META,50450,PUERTO CONCORDIA,CACAO,2016,398,248,124,0.5
META,50577,PUERTO LLERAS,CACAO,2016,391,311,218,0.7
META,50006,ACACIAS,CACAO,2016,382,200,120,0.6
META,50683,SAN JUAN DE ARAMA,CACAO,2016,245,115,69,0.6
META,50287,FUENTE DE ORO,CACAO,2016,184,134,80,0.6
META,50568,PUERTO GAITAN,CACAO,2016,156,100,70,0.7
META,50223,SAN LUIS DE CUBARRAL,CACAO,2016,155,120,72,0.6
META,50001,VILLAVICENCIO,CACAO,2016,144,80,48,0.6
META,50573,PUERTO LOPEZ,CACAO,2016,121,40,36,0.9
META,50325,MAPIRIPAN,CACAO,2016,120,75,45,0.6
META,50150,CASTILLA LA NUEVA,CACAO,2016,118,56,34,0.6
META,50689,SAN MARTIN,CACAO,2016,80,70,42,0.6
META,50124,CABUYARO,CACAO,2016,64,20,12,0.6
META,50350,LA MACARENA,CACAO,2016,52,50,30,0.6
META,50226,CUMARAL,CACAO,2016,46,10,6,0.6
META,50110,BARRANCA DE UPIA,CACAO,2016,34,34,20,0.6
META,50680,SAN CARLOS DE GUAROA,CACAO,2016,21,15,9,0.6
META,50606,RESTREPO,CACAO,2016,20,17,13,0.8
NARIÑO,52835,TUMACO,CACAO,2016,17000,15000,4500,0.3
NARIÑO,52250,EL CHARCO,CACAO,2016,602,542,163,0.3
NARIÑO,52256,EL ROSARIO,CACAO,2016,517,461,277,0.6
NARIÑO,52540,POLICARPA,CACAO,2016,505,500,250,0.5
NARIÑO,52520,FRANCISCO PIZARRO,CACAO,2016,360,280,56,0.2
NARIÑO,52079,BARBACOAS,CACAO,2016,300,100,50,0.5
NARIÑO,52490,OLAYA HERRERA,CACAO,2016,261,231,69,0.3
NARIÑO,52233,CUMBITARA,CACAO,2016,218,133,67,0.5
NARIÑO,52621,ROBERTO PAYAN,CACAO,2016,210,200,80,0.4
NARIÑO,52418,LOS ANDES,CACAO,2016,170,150,120,0.8
NARIÑO,52390,LA TOLA,CACAO,2016,165,80,40,0.5
NARIÑO,52427,MAGUI PAYAN,CACAO,2016,140,140,56,0.4
NARIÑO,52399,LA UNION,CACAO,2016,90,90,45,0.5
NARIÑO,52405,LEIVA,CACAO,2016,80,50,40,0.8
NARIÑO,52254,EL PEÑOL,CACAO,2016,75,70,35,0.5
NARIÑO,52473,MOSQUERA,CACAO,2016,32,20,4,0.2
NARIÑO,52696,SANTA BARBARA,CACAO,2016,20,16,5,0.3
NARIÑO,52687,SAN LORENZO,CACAO,2016,11,6,4,0.6
NARIÑO,52356,IPIALES,CACAO,2016,10,8,4,0.5
NARIÑO,52411,LINARES,CACAO,2016,8,4,3,0.8
NARIÑO,52683,SANDONA,CACAO,2016,8,8,4,0.5
NARIÑO,52612,RICAURTE,CACAO,2016,3,3,1,0.2
NORTE DE SANTANDER,54720,SARDINATA,CACAO,2016,2444,2300,920,0.4
NORTE DE SANTANDER,54810,TIBU,CACAO,2016,2141,2000,1060,0.5
NORTE DE SANTANDER,54800,TEORAMA,CACAO,2016,1071,1050,725,0.7
NORTE DE SANTANDER,54250,EL TARRA,CACAO,2016,869,869,415,0.5
NORTE DE SANTANDER,54245,EL CARMEN,CACAO,2016,772,755,483,0.6
NORTE DE SANTANDER,54670,SAN CALIXTO,CACAO,2016,601,601,355,0.6
NORTE DE SANTANDER,54344,HACARI,CACAO,2016,515,515,322,0.6
NORTE DE SANTANDER,54206,CONVENCION,CACAO,2016,510,470,291,0.6
NORTE DE SANTANDER,54385,LA ESPERANZA,CACAO,2016,497,497,316,0.6
NORTE DE SANTANDER,54109,BUCARASICA,CACAO,2016,460,447,268,0.6
NORTE DE SANTANDER,54261,EL ZULIA,CACAO,2016,320,300,150,0.5
NORTE DE SANTANDER,54001,CUCUTA,CACAO,2016,255,235,164,0.7
NORTE DE SANTANDER,54128,CACHIRA,CACAO,2016,255,241,193,0.8
NORTE DE SANTANDER,54820,TOLEDO,CACAO,2016,163,120,72,0.6
NORTE DE SANTANDER,54418,LOURDES,CACAO,2016,67,66,35,0.5
NORTE DE SANTANDER,54673,SAN CAYETANO,CACAO,2016,50,50,25,0.5
NORTE DE SANTANDER,54003,ABREGO,CACAO,2016,49,49,49,1
NORTE DE SANTANDER,54498,OCAÑA,CACAO,2016,28,28,14,0.5
NORTE DE SANTANDER,54313,GRAMALOTE,CACAO,2016,25,15,3,0.2
NORTE DE SANTANDER,54051,ARBOLEDAS,CACAO,2016,10,10,6,0.6
NORTE DE SANTANDER,54239,DURANIA,CACAO,2016,9,9,5,0.6
NORTE DE SANTANDER,54680,SANTIAGO,CACAO,2016,8,7,6,0.8
NORTE DE SANTANDER,54172,CHINACOTA,CACAO,2016,7,3,2,0.5
NORTE DE SANTANDER,54223,CUCUTILLA,CACAO,2016,5,0,0,0
NORTE DE SANTANDER,54660,SALAZAR,CACAO,2016,4,4,2,0.5
NORTE DE SANTANDER,54099,BOCHALEMA,CACAO,2016,3,0,0,0
PUTUMAYO,86757,SAN MIGUEL,CACAO,2016,2130,2080,832,0.4
PUTUMAYO,86865,VALLE DEL GUAMUEZ,CACAO,2016,1126,994,497,0.5
PUTUMAYO,86320,ORITO,CACAO,2016,318,300,150,0.5
PUTUMAYO,86573,PUERTO LEGUIZAMO,CACAO,2016,262,242,48,0.2
PUTUMAYO,86568,PUERTO ASIS,CACAO,2016,259,219,110,0.5
PUTUMAYO,86001,MOCOA,CACAO,2016,200,150,75,0.5
PUTUMAYO,86571,PUERTO GUZMAN,CACAO,2016,100,50,20,0.4
PUTUMAYO,86885,VILLAGARZON,CACAO,2016,67,47,24,0.5
PUTUMAYO,86569,PUERTO CAICEDO,CACAO,2016,18,13,5,0.4
QUINDIO,63401,LA TEBAIDA,CACAO,2016,156,138,191,1.4
QUINDIO,63001,ARMENIA,CACAO,2016,70,0,0,0
QUINDIO,63470,MONTENEGRO,CACAO,2016,42,7,4,0.6
QUINDIO,63212,CORDOBA,CACAO,2016,20,5,3,0.5
QUINDIO,63130,CALARCA,CACAO,2016,15,5,4,0.7
QUINDIO,63302,GENOVA,CACAO,2016,7,7,4,0.5
QUINDIO,63111,BUENAVISTA,CACAO,2016,6,6,4,0.7
QUINDIO,63594,QUIMBAYA,CACAO,2016,5,5,3,0.6
QUINDIO,63548,PIJAO,CACAO,2016,1,1,1,0.9
RISARALDA,66572,PUEBLO RICO,CACAO,2016,886,876,876,1
RISARALDA,66440,MARSELLA,CACAO,2016,302,228,160,0.7
RISARALDA,66456,MISTRATO,CACAO,2016,234,234,70,0.3
RISARALDA,66075,BALBOA,CACAO,2016,178,69,55,0.8
RISARALDA,66594,QUINCHIA,CACAO,2016,150,86,69,0.8
RISARALDA,66088,BELEN DE UMBRIA,CACAO,2016,44,3,2,0.8
RISARALDA,66001,PEREIRA,CACAO,2016,39,29,17,0.6
RISARALDA,66400,LA VIRGINIA,CACAO,2016,18,13,8,0.6
RISARALDA,66318,GUATICA,CACAO,2016,10,0,0,0
SANTANDER,68689,SAN VICENTE DE CHUCURI,CACAO,2016,13955,13250,6625,0.5
SANTANDER,68235,EL CARMEN DE CHUCURI,CACAO,2016,10887,10800,5400,0.5
SANTANDER,68385,LANDAZURI,CACAO,2016,6950,5950,2678,0.5
SANTANDER,68615,RIONEGRO,CACAO,2016,6043,4150,2490,0.6
SANTANDER,68406,LEBRIJA,CACAO,2016,1650,1000,500,0.5
SANTANDER,68190,CIMITARRA,CACAO,2016,1627,1535,844,0.6
SANTANDER,68720,SANTA HELENA DEL OPON,CACAO,2016,1621,780,390,0.5
SANTANDER,68255,EL PLAYON,CACAO,2016,1280,1230,615,0.5
SANTANDER,68773,SUCRE,CACAO,2016,1130,980,490,0.5
SANTANDER,68377,LA BELLEZA,CACAO,2016,765,660,330,0.5
SANTANDER,68101,BOLIVAR,CACAO,2016,580,230,115,0.5
SANTANDER,68271,FLORIAN,CACAO,2016,476,376,226,0.6
SANTANDER,68092,BETULIA,CACAO,2016,470,450,360,0.8
SANTANDER,68397,LA PAZ,CACAO,2016,460,400,240,0.6
SANTANDER,68250,EL PEÑON,CACAO,2016,428,400,240,0.6
SANTANDER,68176,CHIMA,CACAO,2016,370,280,224,0.8
SANTANDER,68307,GIRON,CACAO,2016,363,255,128,0.5
SANTANDER,68001,BUCARAMANGA,CACAO,2016,360,300,150,0.5
SANTANDER,68745,SIMACOTA,CACAO,2016,298,160,112,0.7
SANTANDER,68861,VELEZ,CACAO,2016,290,280,140,0.5
SANTANDER,68322,GUAPOTA,CACAO,2016,240,170,136,0.8
SANTANDER,68320,GUADALUPE,CACAO,2016,207,160,112,0.7
SANTANDER,68179,CHIPATA,CACAO,2016,202,190,95,0.5
SANTANDER,68547,PIEDECUESTA,CACAO,2016,198,168,76,0.5
SANTANDER,68245,EL GUACAMAYO,CACAO,2016,195,160,96,0.6
SANTANDER,68081,BARRANCABERMEJA,CACAO,2016,186,155,77,0.5
SANTANDER,68755,SOCORRO,CACAO,2016,170,170,85,0.5
SANTANDER,68296,GALAN,CACAO,2016,162,119,59,0.5
SANTANDER,68655,SABANA DE TORRES,CACAO,2016,154,126,63,0.5
SANTANDER,68524,PALMAS DEL SOCORRO,CACAO,2016,150,100,60,0.6
SANTANDER,68573,PUERTO PARRA,CACAO,2016,114,14,6,0.4
SANTANDER,68533,PARAMO,CACAO,2016,100,80,40,0.5
SANTANDER,68895,ZAPATOCA,CACAO,2016,100,100,50,0.5
SANTANDER,68498,OCAMONTE,CACAO,2016,80,70,35,0.5
SANTANDER,68344,HATO,CACAO,2016,70,50,35,0.7
SANTANDER,68211,CONTRATACION,CACAO,2016,56,36,22,0.6
SANTANDER,68444,MATANZA,CACAO,2016,41,31,18,0.6
SANTANDER,68276,FLORIDABLANCA,CACAO,2016,35,35,25,0.7
SANTANDER,68229,CURITI,CACAO,2016,26,5,3,0.5
SANTANDER,68673,SAN BENITO,CACAO,2016,23,23,16,0.7
SANTANDER,68500,OIBA,CACAO,2016,21,16,16,1
SANTANDER,68522,PALMAR,CACAO,2016,17,17,7,0.4
SANTANDER,68855,VALLE DE SAN JOSE,CACAO,2016,15,9,3,0.3
SANTANDER,68169,CHARTA,CACAO,2016,4,3,2,0.7
SUCRE,70508,OVEJAS,CACAO,2016,60,40,32,0.8
SUCRE,70265,GUARANDA,CACAO,2016,55,28,20,0.7
SUCRE,70713,SAN ONOFRE,CACAO,2016,52,20,10,0.5
SUCRE,70230,CHALAN,CACAO,2016,28,20,16,0.8
SUCRE,70473,MORROA,CACAO,2016,26,0,0,0
SUCRE,70708,SAN MARCOS,CACAO,2016,24,9,5,0.6
SUCRE,70204,COLOSO,CACAO,2016,9,9,5,0.6
TOLIMA,73168,CHAPARRAL,CACAO,2016,1920,1800,810,0.5
TOLIMA,73616,RIOBLANCO,CACAO,2016,1030,1030,618,0.6
TOLIMA,73067,ATACO,CACAO,2016,949,850,425,0.5
TOLIMA,73555,PLANADAS,CACAO,2016,750,730,365,0.5
TOLIMA,73226,CUNDAY,CACAO,2016,720,523,209,0.4
TOLIMA,73443,MARIQUITA,CACAO,2016,542,520,312,0.6
TOLIMA,73563,PRADO,CACAO,2016,483,350,210,0.6
TOLIMA,73270,FALAN,CACAO,2016,480,290,145,0.5
TOLIMA,73408,LERIDA,CACAO,2016,470,420,231,0.6
TOLIMA,73283,FRESNO,CACAO,2016,447,447,224,0.5
TOLIMA,73624,ROVIRA,CACAO,2016,362,265,133,0.5
TOLIMA,73449,MELGAR,CACAO,2016,326,310,155,0.5
TOLIMA,73504,ORTEGA,CACAO,2016,292,245,123,0.5
TOLIMA,73026,ALVARADO,CACAO,2016,291,240,72,0.3
TOLIMA,73585,PURIFICACION,CACAO,2016,280,200,120,0.6
TOLIMA,73520,PALOCABILDO,CACAO,2016,272,192,115,0.6
TOLIMA,73411,LIBANO,CACAO,2016,235,190,114,0.6
TOLIMA,73873,VILLARRICA,CACAO,2016,179,150,105,0.7
TOLIMA,73055,ARMERO (GUAYABAL),CACAO,2016,160,150,75,0.5
TOLIMA,73319,GUAMO,CACAO,2016,153,133,67,0.5
TOLIMA,73352,ICONONZO,CACAO,2016,120,120,60,0.5
TOLIMA,73675,SAN ANTONIO,CACAO,2016,118,90,45,0.5
TOLIMA,73043,ANZOATEGUI,CACAO,2016,104,40,24,0.6
TOLIMA,73001,IBAGUE,CACAO,2016,95,85,68,0.8
TOLIMA,73861,VENADILLO,CACAO,2016,90,90,54,0.6
TOLIMA,73148,CARMEN DE APICALA,CACAO,2016,87,85,38,0.5
TOLIMA,73236,DOLORES,CACAO,2016,83,70,35,0.5
TOLIMA,73024,ALPUJARRA,CACAO,2016,73,73,37,0.5
TOLIMA,73217,COYAIMA,CACAO,2016,50,48,19,0.4
TOLIMA,73678,SAN LUIS,CACAO,2016,47,47,28,0.6
TOLIMA,73854,VALLE DE SAN JUAN,CACAO,2016,37,22,11,0.5
TOLIMA,73483,NATAGAIMA,CACAO,2016,27,20,12,0.6
TOLIMA,73870,VILLAHERMOSA,CACAO,2016,23,20,12,0.6
TOLIMA,73622,RONCESVALLES,CACAO,2016,4,4,2,0.5
VALLE DEL CAUCA,76233,DAGUA,CACAO,2016,325,230,115,0.5
VALLE DEL CAUCA,76364,JAMUNDI,CACAO,2016,278,268,161,0.6
VALLE DEL CAUCA,76100,BOLIVAR,CACAO,2016,201,191,115,0.6
VALLE DEL CAUCA,76113,BUGALAGRANDE,CACAO,2016,86,83,66,0.8
VALLE DEL CAUCA,76616,RIOFRIO,CACAO,2016,78,70,28,0.4
VALLE DEL CAUCA,76122,CAICEDONIA,CACAO,2016,47,31,19,0.6
VALLE DEL CAUCA,76403,LA VICTORIA,CACAO,2016,40,40,20,0.5
VALLE DEL CAUCA,76497,OBANDO,CACAO,2016,37,37,18,0.5
VALLE DEL CAUCA,76834,TULUA,CACAO,2016,36,27,27,1
VALLE DEL CAUCA,76828,TRUJILLO,CACAO,2016,32,24,12,0.5
VALLE DEL CAUCA,76250,EL DOVIO,CACAO,2016,28,18,7,0.4
VALLE DEL CAUCA,76109,BUENAVENTURA,CACAO,2016,28,20,12,0.6
VALLE DEL CAUCA,76041,ANSERMANUEVO,CACAO,2016,26,25,13,0.5
VALLE DEL CAUCA,76036,ANDALUCIA,CACAO,2016,20,15,8,0.5
VALLE DEL CAUCA,76243,EL AGUILA,CACAO,2016,20,20,16,0.8
VALLE DEL CAUCA,76736,SEVILLA,CACAO,2016,20,18,22,1.2
VALLE DEL CAUCA,76275,FLORIDA,CACAO,2016,16,14,8,0.6
VALLE DEL CAUCA,76622,ROLDANILLO,CACAO,2016,13,13,7,0.5
VALLE DEL CAUCA,76147,CARTAGO,CACAO,2016,11,11,9,0.8
VALLE DEL CAUCA,76823,TORO,CACAO,2016,9,9,14,1.5
VALLE DEL CAUCA,76863,VERSALLES,CACAO,2016,9,5,5,1
VALLE DEL CAUCA,76895,ZARZAL,CACAO,2016,6,6,3,0.6
VALLE DEL CAUCA,76318,GUACARI,CACAO,2016,5,5,5,1
VALLE DEL CAUCA,76111,BUGA,CACAO,2016,5,5,8,1.5
VALLE DEL CAUCA,76126,CALIMA EL DARIEN,CACAO,2016,4,4,2,0.4
VALLE DEL CAUCA,76054,ARGELIA,CACAO,2016,3,3,2,0.7
VALLE DEL CAUCA,76130,CANDELARIA,CACAO,2016,3,3,2,0.8
VALLE DEL CAUCA,76520,PALMIRA,CACAO,2016,3,3,3,1
VAUPES,97161,CARURU,CACAO,2016,30,0,0,0
VICHADA,99624,SANTA ROSALIA,CACAO,2016,700,0,0,0
VICHADA,99773,CUMARIBO,CACAO,2016,160,150,75,0.5
VICHADA,99524,LA PRIMAVERA,CACAO,2016,17,0,0,0
